ISO-10303-21;
HEADER;
/* Generated by software containing ST-Developer
 * from STEP Tools, Inc. (www.steptools.com) 
 */

FILE_DESCRIPTION(
/* description */ (''),
/* implementation_level */ '2;1');

FILE_NAME(
/* name */ 'Metronome.step',
/* time_stamp */ '2026-08-18T15:22:01-04:00',
/* author */ (''),
/* organization */ (''),
/* preprocessor_version */ 'ST-DEVELOPER v20.1',
/* originating_system */ 'Autodesk Translation Framework v15.8.0.0',
/* authorisation */ '');

FILE_SCHEMA (('AUTOMOTIVE_DESIGN { 1 0 10303 214 3 1 1 }'));
ENDSEC;

DATA;
#10=MECHANICAL_DESIGN_GEOMETRIC_PRESENTATION_REPRESENTATION('',(#13,#14,
#15,#16,#17),#3043);
#11=SHAPE_REPRESENTATION_RELATIONSHIP('SRR','None',#3050,#12);
#12=ADVANCED_BREP_SHAPE_REPRESENTATION('',(#18,#19,#20,#21,#22),#3042);
#13=STYLED_ITEM('',(#3059),#18);
#14=STYLED_ITEM('',(#3059),#19);
#15=STYLED_ITEM('',(#3059),#20);
#16=STYLED_ITEM('',(#3059),#21);
#17=STYLED_ITEM('',(#3059),#22);
#18=MANIFOLD_SOLID_BREP('Body1',#1459);
#19=MANIFOLD_SOLID_BREP('Body3',#1460);
#20=MANIFOLD_SOLID_BREP('Body5',#1461);
#21=MANIFOLD_SOLID_BREP('Body6',#1462);
#22=MANIFOLD_SOLID_BREP('Body7',#1463);
#23=FACE_BOUND('',#322,.T.);
#24=FACE_BOUND('',#323,.T.);
#25=FACE_BOUND('',#324,.T.);
#26=FACE_BOUND('',#325,.T.);
#27=FACE_BOUND('',#326,.T.);
#28=FACE_BOUND('',#327,.T.);
#29=FACE_BOUND('',#328,.T.);
#30=FACE_BOUND('',#333,.T.);
#31=FACE_BOUND('',#357,.T.);
#32=FACE_BOUND('',#369,.T.);
#33=FACE_BOUND('',#370,.T.);
#34=FACE_BOUND('',#371,.T.);
#35=FACE_BOUND('',#372,.T.);
#36=FACE_BOUND('',#373,.T.);
#37=FACE_BOUND('',#374,.T.);
#38=FACE_BOUND('',#375,.T.);
#39=FACE_BOUND('',#378,.T.);
#40=FACE_BOUND('',#381,.T.);
#41=FACE_BOUND('',#383,.T.);
#42=FACE_BOUND('',#384,.T.);
#43=FACE_BOUND('',#385,.T.);
#44=FACE_BOUND('',#386,.T.);
#45=FACE_BOUND('',#387,.T.);
#46=FACE_BOUND('',#392,.T.);
#47=FACE_BOUND('',#394,.T.);
#48=FACE_BOUND('',#398,.T.);
#49=FACE_BOUND('',#400,.T.);
#50=FACE_BOUND('',#404,.T.);
#51=FACE_BOUND('',#406,.T.);
#52=FACE_BOUND('',#410,.T.);
#53=FACE_BOUND('',#412,.T.);
#54=TOROIDAL_SURFACE('',#1505,8.,5.);
#55=TOROIDAL_SURFACE('',#1509,8.,5.);
#56=TOROIDAL_SURFACE('',#1513,8.00000000000001,5.);
#57=TOROIDAL_SURFACE('',#1517,8.,5.);
#58=B_SPLINE_CURVE_WITH_KNOTS('',3,(#2201,#2202,#2203,#2204,#2205,#2206,
#2207,#2208,#2209,#2210,#2211,#2212),.UNSPECIFIED.,.F.,.F.,(4,1,1,1,1,1,
1,2,4),(-0.616820829820687,-0.555138746838618,-0.49345666385655,-0.431774580874481,
-0.370092497892412,-0.246728331928275,-0.185046248946206,0.,0.000969303018705494),
 .UNSPECIFIED.);
#59=B_SPLINE_CURVE_WITH_KNOTS('',3,(#2213,#2214,#2215,#2216,#2217,#2218,
#2219,#2220,#2221,#2222,#2223,#2224),.UNSPECIFIED.,.F.,.F.,(4,2,1,1,1,1,
1,1,4),(-0.000969303018705494,0.,0.185046248946206,0.246728331928275,0.370092497892412,
0.431774580874481,0.49345666385655,0.555138746838618,0.616820829820687),
 .UNSPECIFIED.);
#60=B_SPLINE_CURVE_WITH_KNOTS('',3,(#2279,#2280,#2281,#2282,#2283,#2284,
#2285,#2286,#2287,#2288),.UNSPECIFIED.,.F.,.F.,(4,1,1,1,1,2,4),(0.,0.123364165964136,
0.246728331928272,0.370092497892409,0.493456663856545,0.616820829820681,
0.617790132839393),.UNSPECIFIED.);
#61=B_SPLINE_CURVE_WITH_KNOTS('',3,(#2289,#2290,#2291,#2292,#2293,#2294,
#2295,#2296,#2297,#2298),.UNSPECIFIED.,.F.,.F.,(4,2,1,1,1,1,4),(-0.617790132839393,
-0.616820829820681,-0.493456663856545,-0.370092497892409,-0.246728331928272,
-0.123364165964136,0.),.UNSPECIFIED.);
#62=B_SPLINE_CURVE_WITH_KNOTS('',3,(#2353,#2354,#2355,#2356,#2357,#2358,
#2359,#2360,#2361,#2362),.UNSPECIFIED.,.F.,.F.,(4,1,1,1,1,2,4),(-0.616820829820678,
-0.493456663856543,-0.370092497892407,-0.246728331928271,-0.123364165964136,
0.,0.000969303018711988),.UNSPECIFIED.);
#63=B_SPLINE_CURVE_WITH_KNOTS('',3,(#2363,#2364,#2365,#2366,#2367,#2368,
#2369,#2370,#2371,#2372),.UNSPECIFIED.,.F.,.F.,(4,2,1,1,1,1,4),(-0.000969303018711988,
0.,0.123364165964136,0.246728331928271,0.370092497892407,0.493456663856543,
0.616820829820678),.UNSPECIFIED.);
#64=B_SPLINE_CURVE_WITH_KNOTS('',3,(#2427,#2428,#2429,#2430,#2431,#2432,
#2433,#2434,#2435,#2436),.UNSPECIFIED.,.F.,.F.,(4,1,1,1,1,2,4),(0.,0.123364165964137,
0.246728331928273,0.370092497892409,0.493456663856546,0.616820829820683,
0.617790132839389),.UNSPECIFIED.);
#65=B_SPLINE_CURVE_WITH_KNOTS('',3,(#2437,#2438,#2439,#2440,#2441,#2442,
#2443,#2444,#2445,#2446),.UNSPECIFIED.,.F.,.F.,(4,2,1,1,1,1,4),(-0.617790132839389,
-0.616820829820683,-0.493456663856546,-0.370092497892409,-0.246728331928273,
-0.123364165964137,0.),.UNSPECIFIED.);
#66=B_SPLINE_CURVE_WITH_KNOTS('',3,(#2511,#2512,#2513,#2514,#2515,#2516,
#2517,#2518,#2519,#2520,#2521,#2522),.UNSPECIFIED.,.F.,.F.,(4,1,1,1,1,1,
1,2,4),(-0.616820829820688,-0.555138746838619,-0.49345666385655,-0.431774580874481,
-0.370092497892413,-0.246728331928275,-0.185046248946206,0.,0.000969303018706247),
 .UNSPECIFIED.);
#67=B_SPLINE_CURVE_WITH_KNOTS('',3,(#2523,#2524,#2525,#2526,#2527,#2528,
#2529,#2530,#2531,#2532,#2533,#2534),.UNSPECIFIED.,.F.,.F.,(4,2,1,1,1,1,
1,1,4),(-0.000969303018706247,0.,0.185046248946206,0.246728331928275,0.370092497892413,
0.431774580874481,0.49345666385655,0.555138746838619,0.616820829820688),
 .UNSPECIFIED.);
#68=B_SPLINE_CURVE_WITH_KNOTS('',3,(#2589,#2590,#2591,#2592,#2593,#2594,
#2595,#2596,#2597,#2598),.UNSPECIFIED.,.F.,.F.,(4,1,1,1,1,2,4),(0.,0.123364165964136,
0.246728331928273,0.370092497892409,0.493456663856546,0.616820829820682,
0.617790132839394),.UNSPECIFIED.);
#69=B_SPLINE_CURVE_WITH_KNOTS('',3,(#2599,#2600,#2601,#2602,#2603,#2604,
#2605,#2606,#2607,#2608),.UNSPECIFIED.,.F.,.F.,(4,2,1,1,1,1,4),(-0.617790132839394,
-0.616820829820682,-0.493456663856546,-0.370092497892409,-0.246728331928273,
-0.123364165964136,0.),.UNSPECIFIED.);
#70=B_SPLINE_CURVE_WITH_KNOTS('',3,(#2663,#2664,#2665,#2666,#2667,#2668,
#2669,#2670,#2671,#2672),.UNSPECIFIED.,.F.,.F.,(4,1,1,1,1,2,4),(-0.616820829820684,
-0.493456663856547,-0.37009249789241,-0.246728331928274,-0.123364165964137,
0.,0.000969303018705494),.UNSPECIFIED.);
#71=B_SPLINE_CURVE_WITH_KNOTS('',3,(#2673,#2674,#2675,#2676,#2677,#2678,
#2679,#2680,#2681,#2682),.UNSPECIFIED.,.F.,.F.,(4,2,1,1,1,1,4),(-0.000969303018705494,
0.,0.123364165964137,0.246728331928274,0.37009249789241,0.493456663856547,
0.616820829820684),.UNSPECIFIED.);
#72=B_SPLINE_CURVE_WITH_KNOTS('',3,(#2737,#2738,#2739,#2740,#2741,#2742,
#2743,#2744,#2745,#2746),.UNSPECIFIED.,.F.,.F.,(4,1,1,1,1,2,4),(0.,0.123364165964137,
0.246728331928274,0.370092497892411,0.493456663856547,0.616820829820684,
0.61779013283939),.UNSPECIFIED.);
#73=B_SPLINE_CURVE_WITH_KNOTS('',3,(#2747,#2748,#2749,#2750,#2751,#2752,
#2753,#2754,#2755,#2756),.UNSPECIFIED.,.F.,.F.,(4,2,1,1,1,1,4),(-0.61779013283939,
-0.616820829820684,-0.493456663856547,-0.370092497892411,-0.246728331928274,
-0.123364165964137,0.),.UNSPECIFIED.);
#74=B_SPLINE_SURFACE_WITH_KNOTS('',3,3,((#2137,#2138,#2139,#2140,#2141,
#2142,#2143,#2144,#2145,#2146,#2147,#2148),(#2149,#2150,#2151,#2152,#2153,
#2154,#2155,#2156,#2157,#2158,#2159,#2160),(#2161,#2162,#2163,#2164,#2165,
#2166,#2167,#2168,#2169,#2170,#2171,#2172),(#2173,#2174,#2175,#2176,#2177,
#2178,#2179,#2180,#2181,#2182,#2183,#2184),(#2185,#2186,#2187,#2188,#2189,
#2190,#2191,#2192,#2193,#2194,#2195,#2196)),.UNSPECIFIED.,.F.,.F.,.F.,(4,
1,4),(4,2,1,1,1,1,1,1,4),(0.,0.571428571428571,1.),(-0.000969303018705494,
0.,0.185046248946206,0.246728331928275,0.370092497892412,0.431774580874481,
0.49345666385655,0.555138746838618,0.616820829820687),.UNSPECIFIED.);
#75=B_SPLINE_SURFACE_WITH_KNOTS('',3,3,((#2225,#2226,#2227,#2228,#2229,
#2230,#2231,#2232,#2233,#2234),(#2235,#2236,#2237,#2238,#2239,#2240,#2241,
#2242,#2243,#2244),(#2245,#2246,#2247,#2248,#2249,#2250,#2251,#2252,#2253,
#2254),(#2255,#2256,#2257,#2258,#2259,#2260,#2261,#2262,#2263,#2264),(#2265,
#2266,#2267,#2268,#2269,#2270,#2271,#2272,#2273,#2274)),.UNSPECIFIED.,.F.,
 .F.,.F.,(4,1,4),(4,2,1,1,1,1,4),(0.,0.571428571428571,1.),(-0.617790132839393,
-0.616820829820681,-0.493456663856545,-0.370092497892409,-0.246728331928272,
-0.123364165964136,0.),.UNSPECIFIED.);
#76=B_SPLINE_SURFACE_WITH_KNOTS('',3,3,((#2299,#2300,#2301,#2302,#2303,
#2304,#2305,#2306,#2307,#2308),(#2309,#2310,#2311,#2312,#2313,#2314,#2315,
#2316,#2317,#2318),(#2319,#2320,#2321,#2322,#2323,#2324,#2325,#2326,#2327,
#2328),(#2329,#2330,#2331,#2332,#2333,#2334,#2335,#2336,#2337,#2338),(#2339,
#2340,#2341,#2342,#2343,#2344,#2345,#2346,#2347,#2348)),.UNSPECIFIED.,.F.,
 .F.,.F.,(4,1,4),(4,2,1,1,1,1,4),(0.,0.571428571428571,1.),(-0.000969303018711988,
0.,0.123364165964136,0.246728331928271,0.370092497892407,0.493456663856543,
0.616820829820678),.UNSPECIFIED.);
#77=B_SPLINE_SURFACE_WITH_KNOTS('',3,3,((#2373,#2374,#2375,#2376,#2377,
#2378,#2379,#2380,#2381,#2382),(#2383,#2384,#2385,#2386,#2387,#2388,#2389,
#2390,#2391,#2392),(#2393,#2394,#2395,#2396,#2397,#2398,#2399,#2400,#2401,
#2402),(#2403,#2404,#2405,#2406,#2407,#2408,#2409,#2410,#2411,#2412),(#2413,
#2414,#2415,#2416,#2417,#2418,#2419,#2420,#2421,#2422)),.UNSPECIFIED.,.F.,
 .F.,.F.,(4,1,4),(4,2,1,1,1,1,4),(0.,0.571428571428571,1.),(-0.617790132839389,
-0.616820829820683,-0.493456663856546,-0.370092497892409,-0.246728331928273,
-0.123364165964137,0.),.UNSPECIFIED.);
#78=B_SPLINE_SURFACE_WITH_KNOTS('',3,3,((#2447,#2448,#2449,#2450,#2451,
#2452,#2453,#2454,#2455,#2456,#2457,#2458),(#2459,#2460,#2461,#2462,#2463,
#2464,#2465,#2466,#2467,#2468,#2469,#2470),(#2471,#2472,#2473,#2474,#2475,
#2476,#2477,#2478,#2479,#2480,#2481,#2482),(#2483,#2484,#2485,#2486,#2487,
#2488,#2489,#2490,#2491,#2492,#2493,#2494),(#2495,#2496,#2497,#2498,#2499,
#2500,#2501,#2502,#2503,#2504,#2505,#2506)),.UNSPECIFIED.,.F.,.F.,.F.,(4,
1,4),(4,2,1,1,1,1,1,1,4),(0.,0.571428571428571,1.),(-0.000969303018706247,
0.,0.185046248946206,0.246728331928275,0.370092497892413,0.431774580874481,
0.49345666385655,0.555138746838619,0.616820829820688),.UNSPECIFIED.);
#79=B_SPLINE_SURFACE_WITH_KNOTS('',3,3,((#2535,#2536,#2537,#2538,#2539,
#2540,#2541,#2542,#2543,#2544),(#2545,#2546,#2547,#2548,#2549,#2550,#2551,
#2552,#2553,#2554),(#2555,#2556,#2557,#2558,#2559,#2560,#2561,#2562,#2563,
#2564),(#2565,#2566,#2567,#2568,#2569,#2570,#2571,#2572,#2573,#2574),(#2575,
#2576,#2577,#2578,#2579,#2580,#2581,#2582,#2583,#2584)),.UNSPECIFIED.,.F.,
 .F.,.F.,(4,1,4),(4,2,1,1,1,1,4),(0.,0.571428571428571,1.),(-0.617790132839394,
-0.616820829820682,-0.493456663856546,-0.370092497892409,-0.246728331928273,
-0.123364165964136,0.),.UNSPECIFIED.);
#80=B_SPLINE_SURFACE_WITH_KNOTS('',3,3,((#2609,#2610,#2611,#2612,#2613,
#2614,#2615,#2616,#2617,#2618),(#2619,#2620,#2621,#2622,#2623,#2624,#2625,
#2626,#2627,#2628),(#2629,#2630,#2631,#2632,#2633,#2634,#2635,#2636,#2637,
#2638),(#2639,#2640,#2641,#2642,#2643,#2644,#2645,#2646,#2647,#2648),(#2649,
#2650,#2651,#2652,#2653,#2654,#2655,#2656,#2657,#2658)),.UNSPECIFIED.,.F.,
 .F.,.F.,(4,1,4),(4,2,1,1,1,1,4),(0.,0.571428571428571,1.),(-0.000969303018705494,
0.,0.123364165964137,0.246728331928274,0.37009249789241,0.493456663856547,
0.616820829820684),.UNSPECIFIED.);
#81=B_SPLINE_SURFACE_WITH_KNOTS('',3,3,((#2683,#2684,#2685,#2686,#2687,
#2688,#2689,#2690,#2691,#2692),(#2693,#2694,#2695,#2696,#2697,#2698,#2699,
#2700,#2701,#2702),(#2703,#2704,#2705,#2706,#2707,#2708,#2709,#2710,#2711,
#2712),(#2713,#2714,#2715,#2716,#2717,#2718,#2719,#2720,#2721,#2722),(#2723,
#2724,#2725,#2726,#2727,#2728,#2729,#2730,#2731,#2732)),.UNSPECIFIED.,.F.,
 .F.,.F.,(4,1,4),(4,2,1,1,1,1,4),(0.,0.571428571428571,1.),(-0.61779013283939,
-0.616820829820684,-0.493456663856547,-0.370092497892411,-0.246728331928274,
-0.123364165964137,0.),.UNSPECIFIED.);
#82=CIRCLE('',#1482,2.);
#83=CIRCLE('',#1483,2.);
#84=CIRCLE('',#1486,2.);
#85=CIRCLE('',#1487,2.);
#86=CIRCLE('',#1490,2.);
#87=CIRCLE('',#1491,2.);
#88=CIRCLE('',#1494,2.);
#89=CIRCLE('',#1495,2.);
#90=CIRCLE('',#1497,1.49999999999999);
#91=CIRCLE('',#1498,1.49999999999999);
#92=CIRCLE('',#1499,1.49999999999999);
#93=CIRCLE('',#1500,1.5);
#94=CIRCLE('',#1501,1.49999999999999);
#95=CIRCLE('',#1502,1.49999999999999);
#96=CIRCLE('',#1503,1.49999999999999);
#97=CIRCLE('',#1504,1.5);
#98=CIRCLE('',#1506,8.);
#99=CIRCLE('',#1507,3.);
#100=CIRCLE('',#1510,3.);
#101=CIRCLE('',#1511,8.);
#102=CIRCLE('',#1514,3.00000000000001);
#103=CIRCLE('',#1515,8.00000000000001);
#104=CIRCLE('',#1518,3.);
#105=CIRCLE('',#1519,8.);
#106=CIRCLE('',#1522,3.59999999999999);
#107=CIRCLE('',#1523,1.5);
#108=CIRCLE('',#1524,1.5);
#109=CIRCLE('',#1525,3.59999999999999);
#110=CIRCLE('',#1526,1.5);
#111=CIRCLE('',#1527,1.5);
#112=CIRCLE('',#1529,1.5);
#113=CIRCLE('',#1531,3.);
#114=CIRCLE('',#1533,1.49999999999999);
#115=CIRCLE('',#1536,1.49999999999999);
#116=CIRCLE('',#1538,3.);
#117=CIRCLE('',#1540,1.5);
#118=CIRCLE('',#1547,3.59999999999999);
#119=CIRCLE('',#1549,1.5);
#120=CIRCLE('',#1551,1.5);
#121=CIRCLE('',#1553,3.59999999999999);
#122=CIRCLE('',#1555,1.5);
#123=CIRCLE('',#1557,1.5);
#124=CIRCLE('',#1559,2.05);
#125=CIRCLE('',#1560,2.05);
#126=CIRCLE('',#1563,2.05);
#127=CIRCLE('',#1564,2.05);
#128=CIRCLE('',#1567,2.05);
#129=CIRCLE('',#1568,2.05);
#130=CIRCLE('',#1571,2.05);
#131=CIRCLE('',#1572,2.05);
#132=CIRCLE('',#1576,1.5);
#133=CIRCLE('',#1578,3.00000000000001);
#134=CIRCLE('',#1580,1.49999999999999);
#135=CIRCLE('',#1583,1.49999999999999);
#136=CIRCLE('',#1585,3.);
#137=CIRCLE('',#1587,1.5);
#138=CIRCLE('',#1589,3.5);
#139=CIRCLE('',#1590,3.5);
#140=CIRCLE('',#1593,3.5);
#141=CIRCLE('',#1594,3.5);
#142=CIRCLE('',#1597,3.50000000000036);
#143=CIRCLE('',#1598,3.50000000000036);
#144=CIRCLE('',#1601,3.50000000000259);
#145=CIRCLE('',#1602,3.50000000000259);
#146=CIRCLE('',#1607,2.05);
#147=CIRCLE('',#1608,2.05);
#148=CIRCLE('',#1610,3.5);
#149=CIRCLE('',#1611,3.5);
#150=CIRCLE('',#1615,2.05);
#151=CIRCLE('',#1616,2.05);
#152=CIRCLE('',#1618,3.5);
#153=CIRCLE('',#1619,3.5);
#154=CIRCLE('',#1623,2.05);
#155=CIRCLE('',#1624,2.05);
#156=CIRCLE('',#1626,3.5);
#157=CIRCLE('',#1627,3.5);
#158=CIRCLE('',#1631,2.05);
#159=CIRCLE('',#1632,2.05);
#160=CIRCLE('',#1634,3.5);
#161=CIRCLE('',#1635,3.5);
#162=CYLINDRICAL_SURFACE('',#1481,2.);
#163=CYLINDRICAL_SURFACE('',#1485,2.);
#164=CYLINDRICAL_SURFACE('',#1489,2.);
#165=CYLINDRICAL_SURFACE('',#1493,2.);
#166=CYLINDRICAL_SURFACE('',#1508,5.);
#167=CYLINDRICAL_SURFACE('',#1512,5.);
#168=CYLINDRICAL_SURFACE('',#1516,5.);
#169=CYLINDRICAL_SURFACE('',#1520,5.);
#170=CYLINDRICAL_SURFACE('',#1528,1.5);
#171=CYLINDRICAL_SURFACE('',#1530,3.);
#172=CYLINDRICAL_SURFACE('',#1532,1.49999999999999);
#173=CYLINDRICAL_SURFACE('',#1535,1.49999999999999);
#174=CYLINDRICAL_SURFACE('',#1537,3.);
#175=CYLINDRICAL_SURFACE('',#1539,1.5);
#176=CYLINDRICAL_SURFACE('',#1546,3.59999999999999);
#177=CYLINDRICAL_SURFACE('',#1548,1.5);
#178=CYLINDRICAL_SURFACE('',#1550,1.5);
#179=CYLINDRICAL_SURFACE('',#1552,3.59999999999999);
#180=CYLINDRICAL_SURFACE('',#1554,1.5);
#181=CYLINDRICAL_SURFACE('',#1556,1.5);
#182=CYLINDRICAL_SURFACE('',#1558,2.05);
#183=CYLINDRICAL_SURFACE('',#1562,2.05);
#184=CYLINDRICAL_SURFACE('',#1566,2.05);
#185=CYLINDRICAL_SURFACE('',#1570,2.05);
#186=CYLINDRICAL_SURFACE('',#1575,1.5);
#187=CYLINDRICAL_SURFACE('',#1577,3.00000000000001);
#188=CYLINDRICAL_SURFACE('',#1579,1.49999999999999);
#189=CYLINDRICAL_SURFACE('',#1582,1.49999999999999);
#190=CYLINDRICAL_SURFACE('',#1584,3.);
#191=CYLINDRICAL_SURFACE('',#1586,1.5);
#192=CYLINDRICAL_SURFACE('',#1588,3.5);
#193=CYLINDRICAL_SURFACE('',#1592,3.5);
#194=CYLINDRICAL_SURFACE('',#1596,3.50000000000036);
#195=CYLINDRICAL_SURFACE('',#1600,3.50000000000259);
#196=CYLINDRICAL_SURFACE('',#1606,2.05);
#197=CYLINDRICAL_SURFACE('',#1609,3.5);
#198=CYLINDRICAL_SURFACE('',#1614,2.05);
#199=CYLINDRICAL_SURFACE('',#1617,3.5);
#200=CYLINDRICAL_SURFACE('',#1622,2.05);
#201=CYLINDRICAL_SURFACE('',#1625,3.5);
#202=CYLINDRICAL_SURFACE('',#1630,2.05);
#203=CYLINDRICAL_SURFACE('',#1633,3.5);
#204=FACE_OUTER_BOUND('',#293,.T.);
#205=FACE_OUTER_BOUND('',#294,.T.);
#206=FACE_OUTER_BOUND('',#295,.T.);
#207=FACE_OUTER_BOUND('',#296,.T.);
#208=FACE_OUTER_BOUND('',#297,.T.);
#209=FACE_OUTER_BOUND('',#298,.T.);
#210=FACE_OUTER_BOUND('',#299,.T.);
#211=FACE_OUTER_BOUND('',#300,.T.);
#212=FACE_OUTER_BOUND('',#301,.T.);
#213=FACE_OUTER_BOUND('',#302,.T.);
#214=FACE_OUTER_BOUND('',#303,.T.);
#215=FACE_OUTER_BOUND('',#304,.T.);
#216=FACE_OUTER_BOUND('',#305,.T.);
#217=FACE_OUTER_BOUND('',#306,.T.);
#218=FACE_OUTER_BOUND('',#307,.T.);
#219=FACE_OUTER_BOUND('',#308,.T.);
#220=FACE_OUTER_BOUND('',#309,.T.);
#221=FACE_OUTER_BOUND('',#310,.T.);
#222=FACE_OUTER_BOUND('',#311,.T.);
#223=FACE_OUTER_BOUND('',#312,.T.);
#224=FACE_OUTER_BOUND('',#313,.T.);
#225=FACE_OUTER_BOUND('',#314,.T.);
#226=FACE_OUTER_BOUND('',#315,.T.);
#227=FACE_OUTER_BOUND('',#316,.T.);
#228=FACE_OUTER_BOUND('',#317,.T.);
#229=FACE_OUTER_BOUND('',#318,.T.);
#230=FACE_OUTER_BOUND('',#319,.T.);
#231=FACE_OUTER_BOUND('',#320,.T.);
#232=FACE_OUTER_BOUND('',#321,.T.);
#233=FACE_OUTER_BOUND('',#329,.T.);
#234=FACE_OUTER_BOUND('',#330,.T.);
#235=FACE_OUTER_BOUND('',#331,.T.);
#236=FACE_OUTER_BOUND('',#332,.T.);
#237=FACE_OUTER_BOUND('',#334,.T.);
#238=FACE_OUTER_BOUND('',#335,.T.);
#239=FACE_OUTER_BOUND('',#336,.T.);
#240=FACE_OUTER_BOUND('',#337,.T.);
#241=FACE_OUTER_BOUND('',#338,.T.);
#242=FACE_OUTER_BOUND('',#339,.T.);
#243=FACE_OUTER_BOUND('',#340,.T.);
#244=FACE_OUTER_BOUND('',#341,.T.);
#245=FACE_OUTER_BOUND('',#342,.T.);
#246=FACE_OUTER_BOUND('',#343,.T.);
#247=FACE_OUTER_BOUND('',#344,.T.);
#248=FACE_OUTER_BOUND('',#345,.T.);
#249=FACE_OUTER_BOUND('',#346,.T.);
#250=FACE_OUTER_BOUND('',#347,.T.);
#251=FACE_OUTER_BOUND('',#348,.T.);
#252=FACE_OUTER_BOUND('',#349,.T.);
#253=FACE_OUTER_BOUND('',#350,.T.);
#254=FACE_OUTER_BOUND('',#351,.T.);
#255=FACE_OUTER_BOUND('',#352,.T.);
#256=FACE_OUTER_BOUND('',#353,.T.);
#257=FACE_OUTER_BOUND('',#354,.T.);
#258=FACE_OUTER_BOUND('',#355,.T.);
#259=FACE_OUTER_BOUND('',#356,.T.);
#260=FACE_OUTER_BOUND('',#358,.T.);
#261=FACE_OUTER_BOUND('',#359,.T.);
#262=FACE_OUTER_BOUND('',#360,.T.);
#263=FACE_OUTER_BOUND('',#361,.T.);
#264=FACE_OUTER_BOUND('',#362,.T.);
#265=FACE_OUTER_BOUND('',#363,.T.);
#266=FACE_OUTER_BOUND('',#364,.T.);
#267=FACE_OUTER_BOUND('',#365,.T.);
#268=FACE_OUTER_BOUND('',#366,.T.);
#269=FACE_OUTER_BOUND('',#367,.T.);
#270=FACE_OUTER_BOUND('',#368,.T.);
#271=FACE_OUTER_BOUND('',#376,.T.);
#272=FACE_OUTER_BOUND('',#377,.T.);
#273=FACE_OUTER_BOUND('',#379,.T.);
#274=FACE_OUTER_BOUND('',#380,.T.);
#275=FACE_OUTER_BOUND('',#382,.T.);
#276=FACE_OUTER_BOUND('',#388,.T.);
#277=FACE_OUTER_BOUND('',#389,.T.);
#278=FACE_OUTER_BOUND('',#390,.T.);
#279=FACE_OUTER_BOUND('',#391,.T.);
#280=FACE_OUTER_BOUND('',#393,.T.);
#281=FACE_OUTER_BOUND('',#395,.T.);
#282=FACE_OUTER_BOUND('',#396,.T.);
#283=FACE_OUTER_BOUND('',#397,.T.);
#284=FACE_OUTER_BOUND('',#399,.T.);
#285=FACE_OUTER_BOUND('',#401,.T.);
#286=FACE_OUTER_BOUND('',#402,.T.);
#287=FACE_OUTER_BOUND('',#403,.T.);
#288=FACE_OUTER_BOUND('',#405,.T.);
#289=FACE_OUTER_BOUND('',#407,.T.);
#290=FACE_OUTER_BOUND('',#408,.T.);
#291=FACE_OUTER_BOUND('',#409,.T.);
#292=FACE_OUTER_BOUND('',#411,.T.);
#293=EDGE_LOOP('',(#939,#940,#941,#942));
#294=EDGE_LOOP('',(#943,#944,#945,#946));
#295=EDGE_LOOP('',(#947,#948,#949,#950));
#296=EDGE_LOOP('',(#951,#952,#953,#954));
#297=EDGE_LOOP('',(#955,#956,#957,#958));
#298=EDGE_LOOP('',(#959,#960,#961,#962));
#299=EDGE_LOOP('',(#963,#964,#965,#966));
#300=EDGE_LOOP('',(#967,#968,#969,#970));
#301=EDGE_LOOP('',(#971,#972,#973,#974));
#302=EDGE_LOOP('',(#975,#976,#977,#978));
#303=EDGE_LOOP('',(#979,#980,#981,#982));
#304=EDGE_LOOP('',(#983,#984,#985,#986));
#305=EDGE_LOOP('',(#987,#988,#989));
#306=EDGE_LOOP('',(#990,#991,#992));
#307=EDGE_LOOP('',(#993,#994,#995));
#308=EDGE_LOOP('',(#996,#997,#998));
#309=EDGE_LOOP('',(#999,#1000,#1001));
#310=EDGE_LOOP('',(#1002,#1003,#1004));
#311=EDGE_LOOP('',(#1005,#1006,#1007));
#312=EDGE_LOOP('',(#1008,#1009,#1010));
#313=EDGE_LOOP('',(#1011,#1012,#1013,#1014));
#314=EDGE_LOOP('',(#1015,#1016,#1017,#1018));
#315=EDGE_LOOP('',(#1019,#1020,#1021,#1022));
#316=EDGE_LOOP('',(#1023,#1024,#1025,#1026));
#317=EDGE_LOOP('',(#1027,#1028,#1029,#1030));
#318=EDGE_LOOP('',(#1031,#1032,#1033,#1034));
#319=EDGE_LOOP('',(#1035,#1036,#1037,#1038));
#320=EDGE_LOOP('',(#1039,#1040,#1041,#1042));
#321=EDGE_LOOP('',(#1043,#1044,#1045,#1046));
#322=EDGE_LOOP('',(#1047,#1048,#1049,#1050));
#323=EDGE_LOOP('',(#1051));
#324=EDGE_LOOP('',(#1052));
#325=EDGE_LOOP('',(#1053));
#326=EDGE_LOOP('',(#1054));
#327=EDGE_LOOP('',(#1055));
#328=EDGE_LOOP('',(#1056));
#329=EDGE_LOOP('',(#1057,#1058,#1059,#1060));
#330=EDGE_LOOP('',(#1061,#1062,#1063,#1064));
#331=EDGE_LOOP('',(#1065,#1066,#1067,#1068));
#332=EDGE_LOOP('',(#1069,#1070,#1071,#1072));
#333=EDGE_LOOP('',(#1073,#1074,#1075,#1076));
#334=EDGE_LOOP('',(#1077,#1078,#1079,#1080));
#335=EDGE_LOOP('',(#1081,#1082,#1083,#1084));
#336=EDGE_LOOP('',(#1085,#1086,#1087,#1088));
#337=EDGE_LOOP('',(#1089,#1090,#1091,#1092,#1093,#1094,#1095,#1096));
#338=EDGE_LOOP('',(#1097,#1098,#1099,#1100));
#339=EDGE_LOOP('',(#1101,#1102,#1103,#1104));
#340=EDGE_LOOP('',(#1105,#1106,#1107,#1108));
#341=EDGE_LOOP('',(#1109,#1110,#1111,#1112));
#342=EDGE_LOOP('',(#1113,#1114,#1115,#1116));
#343=EDGE_LOOP('',(#1117,#1118,#1119,#1120));
#344=EDGE_LOOP('',(#1121,#1122,#1123,#1124));
#345=EDGE_LOOP('',(#1125,#1126,#1127,#1128));
#346=EDGE_LOOP('',(#1129,#1130,#1131,#1132));
#347=EDGE_LOOP('',(#1133,#1134,#1135,#1136));
#348=EDGE_LOOP('',(#1137,#1138,#1139,#1140));
#349=EDGE_LOOP('',(#1141));
#350=EDGE_LOOP('',(#1142,#1143,#1144,#1145));
#351=EDGE_LOOP('',(#1146));
#352=EDGE_LOOP('',(#1147,#1148,#1149,#1150));
#353=EDGE_LOOP('',(#1151));
#354=EDGE_LOOP('',(#1152,#1153,#1154,#1155));
#355=EDGE_LOOP('',(#1156));
#356=EDGE_LOOP('',(#1157,#1158,#1159,#1160));
#357=EDGE_LOOP('',(#1161,#1162,#1163,#1164,#1165,#1166,#1167,#1168));
#358=EDGE_LOOP('',(#1169,#1170,#1171,#1172));
#359=EDGE_LOOP('',(#1173,#1174,#1175,#1176));
#360=EDGE_LOOP('',(#1177,#1178,#1179,#1180));
#361=EDGE_LOOP('',(#1181,#1182,#1183,#1184));
#362=EDGE_LOOP('',(#1185,#1186,#1187,#1188));
#363=EDGE_LOOP('',(#1189,#1190,#1191,#1192));
#364=EDGE_LOOP('',(#1193,#1194,#1195,#1196));
#365=EDGE_LOOP('',(#1197,#1198,#1199,#1200));
#366=EDGE_LOOP('',(#1201,#1202,#1203,#1204));
#367=EDGE_LOOP('',(#1205,#1206,#1207,#1208));
#368=EDGE_LOOP('',(#1209,#1210,#1211,#1212));
#369=EDGE_LOOP('',(#1213));
#370=EDGE_LOOP('',(#1214));
#371=EDGE_LOOP('',(#1215));
#372=EDGE_LOOP('',(#1216));
#373=EDGE_LOOP('',(#1217));
#374=EDGE_LOOP('',(#1218));
#375=EDGE_LOOP('',(#1219,#1220,#1221,#1222));
#376=EDGE_LOOP('',(#1223,#1224,#1225,#1226));
#377=EDGE_LOOP('',(#1227,#1228,#1229,#1230));
#378=EDGE_LOOP('',(#1231,#1232,#1233,#1234));
#379=EDGE_LOOP('',(#1235,#1236,#1237,#1238));
#380=EDGE_LOOP('',(#1239,#1240,#1241,#1242));
#381=EDGE_LOOP('',(#1243,#1244,#1245,#1246,#1247,#1248,#1249,#1250));
#382=EDGE_LOOP('',(#1251,#1252,#1253,#1254,#1255,#1256,#1257,#1258));
#383=EDGE_LOOP('',(#1259,#1260,#1261,#1262,#1263,#1264,#1265,#1266,#1267,
#1268,#1269,#1270,#1271,#1272,#1273,#1274));
#384=EDGE_LOOP('',(#1275));
#385=EDGE_LOOP('',(#1276));
#386=EDGE_LOOP('',(#1277));
#387=EDGE_LOOP('',(#1278));
#388=EDGE_LOOP('',(#1279,#1280,#1281,#1282,#1283,#1284,#1285,#1286));
#389=EDGE_LOOP('',(#1287,#1288,#1289,#1290));
#390=EDGE_LOOP('',(#1291,#1292,#1293,#1294));
#391=EDGE_LOOP('',(#1295));
#392=EDGE_LOOP('',(#1296));
#393=EDGE_LOOP('',(#1297));
#394=EDGE_LOOP('',(#1298));
#395=EDGE_LOOP('',(#1299,#1300,#1301,#1302));
#396=EDGE_LOOP('',(#1303,#1304,#1305,#1306));
#397=EDGE_LOOP('',(#1307));
#398=EDGE_LOOP('',(#1308));
#399=EDGE_LOOP('',(#1309));
#400=EDGE_LOOP('',(#1310));
#401=EDGE_LOOP('',(#1311,#1312,#1313,#1314));
#402=EDGE_LOOP('',(#1315,#1316,#1317,#1318));
#403=EDGE_LOOP('',(#1319));
#404=EDGE_LOOP('',(#1320));
#405=EDGE_LOOP('',(#1321));
#406=EDGE_LOOP('',(#1322));
#407=EDGE_LOOP('',(#1323,#1324,#1325,#1326));
#408=EDGE_LOOP('',(#1327,#1328,#1329,#1330));
#409=EDGE_LOOP('',(#1331));
#410=EDGE_LOOP('',(#1332));
#411=EDGE_LOOP('',(#1333));
#412=EDGE_LOOP('',(#1334));
#413=LINE('',#2068,#515);
#414=LINE('',#2070,#516);
#415=LINE('',#2072,#517);
#416=LINE('',#2073,#518);
#417=LINE('',#2076,#519);
#418=LINE('',#2078,#520);
#419=LINE('',#2079,#521);
#420=LINE('',#2082,#522);
#421=LINE('',#2084,#523);
#422=LINE('',#2085,#524);
#423=LINE('',#2087,#525);
#424=LINE('',#2088,#526);
#425=LINE('',#2094,#527);
#426=LINE('',#2097,#528);
#427=LINE('',#2100,#529);
#428=LINE('',#2102,#530);
#429=LINE('',#2103,#531);
#430=LINE('',#2108,#532);
#431=LINE('',#2112,#533);
#432=LINE('',#2114,#534);
#433=LINE('',#2115,#535);
#434=LINE('',#2120,#536);
#435=LINE('',#2124,#537);
#436=LINE('',#2126,#538);
#437=LINE('',#2127,#539);
#438=LINE('',#2132,#540);
#439=LINE('',#2135,#541);
#440=LINE('',#2136,#542);
#441=LINE('',#2761,#543);
#442=LINE('',#2762,#544);
#443=LINE('',#2767,#545);
#444=LINE('',#2768,#546);
#445=LINE('',#2773,#547);
#446=LINE('',#2774,#548);
#447=LINE('',#2779,#549);
#448=LINE('',#2780,#550);
#449=LINE('',#2783,#551);
#450=LINE('',#2785,#552);
#451=LINE('',#2786,#553);
#452=LINE('',#2789,#554);
#453=LINE('',#2791,#555);
#454=LINE('',#2793,#556);
#455=LINE('',#2794,#557);
#456=LINE('',#2809,#558);
#457=LINE('',#2813,#559);
#458=LINE('',#2817,#560);
#459=LINE('',#2821,#561);
#460=LINE('',#2822,#562);
#461=LINE('',#2825,#563);
#462=LINE('',#2829,#564);
#463=LINE('',#2833,#565);
#464=LINE('',#2839,#566);
#465=LINE('',#2840,#567);
#466=LINE('',#2841,#568);
#467=LINE('',#2844,#569);
#468=LINE('',#2845,#570);
#469=LINE('',#2848,#571);
#470=LINE('',#2849,#572);
#471=LINE('',#2851,#573);
#472=LINE('',#2855,#574);
#473=LINE('',#2859,#575);
#474=LINE('',#2863,#576);
#475=LINE('',#2867,#577);
#476=LINE('',#2871,#578);
#477=LINE('',#2875,#579);
#478=LINE('',#2880,#580);
#479=LINE('',#2887,#581);
#480=LINE('',#2894,#582);
#481=LINE('',#2901,#583);
#482=LINE('',#2906,#584);
#483=LINE('',#2907,#585);
#484=LINE('',#2911,#586);
#485=LINE('',#2915,#587);
#486=LINE('',#2919,#588);
#487=LINE('',#2922,#589);
#488=LINE('',#2923,#590);
#489=LINE('',#2927,#591);
#490=LINE('',#2931,#592);
#491=LINE('',#2939,#593);
#492=LINE('',#2942,#594);
#493=LINE('',#2945,#595);
#494=LINE('',#2947,#596);
#495=LINE('',#2948,#597);
#496=LINE('',#2954,#598);
#497=LINE('',#2957,#599);
#498=LINE('',#2959,#600);
#499=LINE('',#2960,#601);
#500=LINE('',#2966,#602);
#501=LINE('',#2969,#603);
#502=LINE('',#2971,#604);
#503=LINE('',#2972,#605);
#504=LINE('',#2978,#606);
#505=LINE('',#2980,#607);
#506=LINE('',#2981,#608);
#507=LINE('',#2988,#609);
#508=LINE('',#2994,#610);
#509=LINE('',#3002,#611);
#510=LINE('',#3008,#612);
#511=LINE('',#3016,#613);
#512=LINE('',#3022,#614);
#513=LINE('',#3030,#615);
#514=LINE('',#3036,#616);
#515=VECTOR('',#1642,10.);
#516=VECTOR('',#1643,10.);
#517=VECTOR('',#1644,10.);
#518=VECTOR('',#1645,10.);
#519=VECTOR('',#1648,10.);
#520=VECTOR('',#1649,10.);
#521=VECTOR('',#1650,10.);
#522=VECTOR('',#1653,10.);
#523=VECTOR('',#1654,10.);
#524=VECTOR('',#1655,10.);
#525=VECTOR('',#1658,10.);
#526=VECTOR('',#1659,10.);
#527=VECTOR('',#1664,10.);
#528=VECTOR('',#1667,10.);
#529=VECTOR('',#1670,10.);
#530=VECTOR('',#1671,10.);
#531=VECTOR('',#1672,10.);
#532=VECTOR('',#1677,10.);
#533=VECTOR('',#1682,10.);
#534=VECTOR('',#1683,10.);
#535=VECTOR('',#1684,10.);
#536=VECTOR('',#1689,10.);
#537=VECTOR('',#1694,10.);
#538=VECTOR('',#1695,10.);
#539=VECTOR('',#1696,10.);
#540=VECTOR('',#1701,10.);
#541=VECTOR('',#1706,10.);
#542=VECTOR('',#1707,10.);
#543=VECTOR('',#1732,10.);
#544=VECTOR('',#1733,10.);
#545=VECTOR('',#1742,10.);
#546=VECTOR('',#1743,10.);
#547=VECTOR('',#1752,10.);
#548=VECTOR('',#1753,10.);
#549=VECTOR('',#1762,10.);
#550=VECTOR('',#1763,10.);
#551=VECTOR('',#1766,10.);
#552=VECTOR('',#1767,10.);
#553=VECTOR('',#1768,10.);
#554=VECTOR('',#1769,10.);
#555=VECTOR('',#1770,10.);
#556=VECTOR('',#1771,10.);
#557=VECTOR('',#1772,10.);
#558=VECTOR('',#1787,10.);
#559=VECTOR('',#1792,10.);
#560=VECTOR('',#1797,10.);
#561=VECTOR('',#1802,10.);
#562=VECTOR('',#1803,10.);
#563=VECTOR('',#1806,10.);
#564=VECTOR('',#1811,10.);
#565=VECTOR('',#1816,10.);
#566=VECTOR('',#1823,10.);
#567=VECTOR('',#1824,10.);
#568=VECTOR('',#1825,10.);
#569=VECTOR('',#1828,10.);
#570=VECTOR('',#1829,10.);
#571=VECTOR('',#1832,10.);
#572=VECTOR('',#1833,10.);
#573=VECTOR('',#1836,10.);
#574=VECTOR('',#1841,3.59999999999999);
#575=VECTOR('',#1846,1.5);
#576=VECTOR('',#1851,1.5);
#577=VECTOR('',#1856,3.59999999999999);
#578=VECTOR('',#1861,1.5);
#579=VECTOR('',#1866,1.5);
#580=VECTOR('',#1871,2.05);
#581=VECTOR('',#1880,2.05);
#582=VECTOR('',#1889,2.05);
#583=VECTOR('',#1898,2.05);
#584=VECTOR('',#1905,10.);
#585=VECTOR('',#1906,10.);
#586=VECTOR('',#1911,10.);
#587=VECTOR('',#1916,10.);
#588=VECTOR('',#1921,10.);
#589=VECTOR('',#1924,10.);
#590=VECTOR('',#1925,10.);
#591=VECTOR('',#1930,10.);
#592=VECTOR('',#1935,10.);
#593=VECTOR('',#1944,10.);
#594=VECTOR('',#1947,10.);
#595=VECTOR('',#1950,10.);
#596=VECTOR('',#1951,10.);
#597=VECTOR('',#1952,10.);
#598=VECTOR('',#1959,10.);
#599=VECTOR('',#1962,10.);
#600=VECTOR('',#1963,10.);
#601=VECTOR('',#1964,10.);
#602=VECTOR('',#1971,10.);
#603=VECTOR('',#1974,10.);
#604=VECTOR('',#1975,10.);
#605=VECTOR('',#1976,10.);
#606=VECTOR('',#1983,10.);
#607=VECTOR('',#1986,10.);
#608=VECTOR('',#1987,10.);
#609=VECTOR('',#1996,2.05);
#610=VECTOR('',#2003,3.5);
#611=VECTOR('',#2014,2.05);
#612=VECTOR('',#2021,3.5);
#613=VECTOR('',#2032,2.05);
#614=VECTOR('',#2039,3.5);
#615=VECTOR('',#2050,2.05);
#616=VECTOR('',#2057,3.5);
#617=VERTEX_POINT('',#2066);
#618=VERTEX_POINT('',#2067);
#619=VERTEX_POINT('',#2069);
#620=VERTEX_POINT('',#2071);
#621=VERTEX_POINT('',#2075);
#622=VERTEX_POINT('',#2077);
#623=VERTEX_POINT('',#2081);
#624=VERTEX_POINT('',#2083);
#625=VERTEX_POINT('',#2090);
#626=VERTEX_POINT('',#2091);
#627=VERTEX_POINT('',#2093);
#628=VERTEX_POINT('',#2095);
#629=VERTEX_POINT('',#2099);
#630=VERTEX_POINT('',#2101);
#631=VERTEX_POINT('',#2105);
#632=VERTEX_POINT('',#2107);
#633=VERTEX_POINT('',#2111);
#634=VERTEX_POINT('',#2113);
#635=VERTEX_POINT('',#2117);
#636=VERTEX_POINT('',#2119);
#637=VERTEX_POINT('',#2123);
#638=VERTEX_POINT('',#2125);
#639=VERTEX_POINT('',#2129);
#640=VERTEX_POINT('',#2131);
#641=VERTEX_POINT('',#2197);
#642=VERTEX_POINT('',#2198);
#643=VERTEX_POINT('',#2200);
#644=VERTEX_POINT('',#2275);
#645=VERTEX_POINT('',#2276);
#646=VERTEX_POINT('',#2278);
#647=VERTEX_POINT('',#2349);
#648=VERTEX_POINT('',#2350);
#649=VERTEX_POINT('',#2352);
#650=VERTEX_POINT('',#2423);
#651=VERTEX_POINT('',#2424);
#652=VERTEX_POINT('',#2426);
#653=VERTEX_POINT('',#2507);
#654=VERTEX_POINT('',#2508);
#655=VERTEX_POINT('',#2510);
#656=VERTEX_POINT('',#2585);
#657=VERTEX_POINT('',#2586);
#658=VERTEX_POINT('',#2588);
#659=VERTEX_POINT('',#2659);
#660=VERTEX_POINT('',#2660);
#661=VERTEX_POINT('',#2662);
#662=VERTEX_POINT('',#2733);
#663=VERTEX_POINT('',#2734);
#664=VERTEX_POINT('',#2736);
#665=VERTEX_POINT('',#2782);
#666=VERTEX_POINT('',#2784);
#667=VERTEX_POINT('',#2787);
#668=VERTEX_POINT('',#2788);
#669=VERTEX_POINT('',#2790);
#670=VERTEX_POINT('',#2792);
#671=VERTEX_POINT('',#2795);
#672=VERTEX_POINT('',#2797);
#673=VERTEX_POINT('',#2799);
#674=VERTEX_POINT('',#2801);
#675=VERTEX_POINT('',#2803);
#676=VERTEX_POINT('',#2805);
#677=VERTEX_POINT('',#2808);
#678=VERTEX_POINT('',#2812);
#679=VERTEX_POINT('',#2816);
#680=VERTEX_POINT('',#2820);
#681=VERTEX_POINT('',#2824);
#682=VERTEX_POINT('',#2828);
#683=VERTEX_POINT('',#2832);
#684=VERTEX_POINT('',#2837);
#685=VERTEX_POINT('',#2838);
#686=VERTEX_POINT('',#2843);
#687=VERTEX_POINT('',#2847);
#688=VERTEX_POINT('',#2853);
#689=VERTEX_POINT('',#2857);
#690=VERTEX_POINT('',#2861);
#691=VERTEX_POINT('',#2865);
#692=VERTEX_POINT('',#2869);
#693=VERTEX_POINT('',#2873);
#694=VERTEX_POINT('',#2877);
#695=VERTEX_POINT('',#2879);
#696=VERTEX_POINT('',#2884);
#697=VERTEX_POINT('',#2886);
#698=VERTEX_POINT('',#2891);
#699=VERTEX_POINT('',#2893);
#700=VERTEX_POINT('',#2898);
#701=VERTEX_POINT('',#2900);
#702=VERTEX_POINT('',#2905);
#703=VERTEX_POINT('',#2909);
#704=VERTEX_POINT('',#2913);
#705=VERTEX_POINT('',#2917);
#706=VERTEX_POINT('',#2921);
#707=VERTEX_POINT('',#2925);
#708=VERTEX_POINT('',#2929);
#709=VERTEX_POINT('',#2935);
#710=VERTEX_POINT('',#2936);
#711=VERTEX_POINT('',#2938);
#712=VERTEX_POINT('',#2940);
#713=VERTEX_POINT('',#2944);
#714=VERTEX_POINT('',#2946);
#715=VERTEX_POINT('',#2950);
#716=VERTEX_POINT('',#2952);
#717=VERTEX_POINT('',#2956);
#718=VERTEX_POINT('',#2958);
#719=VERTEX_POINT('',#2962);
#720=VERTEX_POINT('',#2964);
#721=VERTEX_POINT('',#2968);
#722=VERTEX_POINT('',#2970);
#723=VERTEX_POINT('',#2974);
#724=VERTEX_POINT('',#2976);
#725=VERTEX_POINT('',#2985);
#726=VERTEX_POINT('',#2987);
#727=VERTEX_POINT('',#2991);
#728=VERTEX_POINT('',#2993);
#729=VERTEX_POINT('',#2999);
#730=VERTEX_POINT('',#3001);
#731=VERTEX_POINT('',#3005);
#732=VERTEX_POINT('',#3007);
#733=VERTEX_POINT('',#3013);
#734=VERTEX_POINT('',#3015);
#735=VERTEX_POINT('',#3019);
#736=VERTEX_POINT('',#3021);
#737=VERTEX_POINT('',#3027);
#738=VERTEX_POINT('',#3029);
#739=VERTEX_POINT('',#3033);
#740=VERTEX_POINT('',#3035);
#741=EDGE_CURVE('',#617,#618,#413,.T.);
#742=EDGE_CURVE('',#619,#617,#414,.T.);
#743=EDGE_CURVE('',#620,#619,#415,.T.);
#744=EDGE_CURVE('',#620,#618,#416,.T.);
#745=EDGE_CURVE('',#618,#621,#417,.T.);
#746=EDGE_CURVE('',#622,#620,#418,.T.);
#747=EDGE_CURVE('',#622,#621,#419,.T.);
#748=EDGE_CURVE('',#621,#623,#420,.T.);
#749=EDGE_CURVE('',#624,#622,#421,.T.);
#750=EDGE_CURVE('',#624,#623,#422,.T.);
#751=EDGE_CURVE('',#623,#617,#423,.T.);
#752=EDGE_CURVE('',#619,#624,#424,.T.);
#753=EDGE_CURVE('',#625,#626,#82,.T.);
#754=EDGE_CURVE('',#626,#627,#425,.T.);
#755=EDGE_CURVE('',#627,#628,#83,.T.);
#756=EDGE_CURVE('',#628,#625,#426,.T.);
#757=EDGE_CURVE('',#629,#626,#427,.T.);
#758=EDGE_CURVE('',#630,#629,#428,.T.);
#759=EDGE_CURVE('',#627,#630,#429,.T.);
#760=EDGE_CURVE('',#629,#631,#84,.T.);
#761=EDGE_CURVE('',#631,#632,#430,.T.);
#762=EDGE_CURVE('',#632,#630,#85,.T.);
#763=EDGE_CURVE('',#633,#631,#431,.T.);
#764=EDGE_CURVE('',#634,#633,#432,.T.);
#765=EDGE_CURVE('',#632,#634,#433,.T.);
#766=EDGE_CURVE('',#633,#635,#86,.T.);
#767=EDGE_CURVE('',#635,#636,#434,.T.);
#768=EDGE_CURVE('',#636,#634,#87,.T.);
#769=EDGE_CURVE('',#637,#635,#435,.T.);
#770=EDGE_CURVE('',#638,#637,#436,.T.);
#771=EDGE_CURVE('',#636,#638,#437,.T.);
#772=EDGE_CURVE('',#637,#639,#88,.T.);
#773=EDGE_CURVE('',#639,#640,#438,.T.);
#774=EDGE_CURVE('',#640,#638,#89,.T.);
#775=EDGE_CURVE('',#640,#628,#439,.T.);
#776=EDGE_CURVE('',#625,#639,#440,.T.);
#777=EDGE_CURVE('',#641,#642,#90,.T.);
#778=EDGE_CURVE('',#642,#643,#58,.T.);
#779=EDGE_CURVE('',#643,#641,#59,.T.);
#780=EDGE_CURVE('',#644,#645,#91,.T.);
#781=EDGE_CURVE('',#645,#646,#60,.T.);
#782=EDGE_CURVE('',#646,#644,#61,.T.);
#783=EDGE_CURVE('',#647,#648,#92,.T.);
#784=EDGE_CURVE('',#648,#649,#62,.T.);
#785=EDGE_CURVE('',#649,#647,#63,.T.);
#786=EDGE_CURVE('',#650,#651,#93,.T.);
#787=EDGE_CURVE('',#651,#652,#64,.T.);
#788=EDGE_CURVE('',#652,#650,#65,.T.);
#789=EDGE_CURVE('',#653,#654,#94,.T.);
#790=EDGE_CURVE('',#654,#655,#66,.T.);
#791=EDGE_CURVE('',#655,#653,#67,.T.);
#792=EDGE_CURVE('',#656,#657,#95,.T.);
#793=EDGE_CURVE('',#657,#658,#68,.T.);
#794=EDGE_CURVE('',#658,#656,#69,.T.);
#795=EDGE_CURVE('',#659,#660,#96,.T.);
#796=EDGE_CURVE('',#660,#661,#70,.T.);
#797=EDGE_CURVE('',#661,#659,#71,.T.);
#798=EDGE_CURVE('',#662,#663,#97,.T.);
#799=EDGE_CURVE('',#663,#664,#72,.T.);
#800=EDGE_CURVE('',#664,#662,#73,.T.);
#801=EDGE_CURVE('',#643,#664,#98,.T.);
#802=EDGE_CURVE('',#663,#641,#99,.T.);
#803=EDGE_CURVE('',#660,#662,#441,.T.);
#804=EDGE_CURVE('',#664,#661,#442,.T.);
#805=EDGE_CURVE('',#657,#659,#100,.T.);
#806=EDGE_CURVE('',#661,#658,#101,.T.);
#807=EDGE_CURVE('',#654,#656,#443,.T.);
#808=EDGE_CURVE('',#658,#655,#444,.T.);
#809=EDGE_CURVE('',#651,#653,#102,.T.);
#810=EDGE_CURVE('',#655,#652,#103,.T.);
#811=EDGE_CURVE('',#648,#650,#445,.T.);
#812=EDGE_CURVE('',#652,#649,#446,.T.);
#813=EDGE_CURVE('',#645,#647,#104,.T.);
#814=EDGE_CURVE('',#649,#646,#105,.T.);
#815=EDGE_CURVE('',#642,#644,#447,.T.);
#816=EDGE_CURVE('',#646,#643,#448,.T.);
#817=EDGE_CURVE('',#665,#648,#449,.T.);
#818=EDGE_CURVE('',#666,#665,#450,.T.);
#819=EDGE_CURVE('',#666,#650,#451,.T.);
#820=EDGE_CURVE('',#667,#668,#452,.T.);
#821=EDGE_CURVE('',#668,#669,#453,.T.);
#822=EDGE_CURVE('',#669,#670,#454,.T.);
#823=EDGE_CURVE('',#670,#667,#455,.T.);
#824=EDGE_CURVE('',#671,#671,#106,.T.);
#825=EDGE_CURVE('',#672,#672,#107,.T.);
#826=EDGE_CURVE('',#673,#673,#108,.T.);
#827=EDGE_CURVE('',#674,#674,#109,.T.);
#828=EDGE_CURVE('',#675,#675,#110,.T.);
#829=EDGE_CURVE('',#676,#676,#111,.T.);
#830=EDGE_CURVE('',#677,#647,#456,.T.);
#831=EDGE_CURVE('',#665,#677,#112,.T.);
#832=EDGE_CURVE('',#678,#645,#457,.T.);
#833=EDGE_CURVE('',#677,#678,#113,.T.);
#834=EDGE_CURVE('',#679,#644,#458,.T.);
#835=EDGE_CURVE('',#678,#679,#114,.T.);
#836=EDGE_CURVE('',#680,#642,#459,.T.);
#837=EDGE_CURVE('',#679,#680,#460,.T.);
#838=EDGE_CURVE('',#681,#641,#461,.T.);
#839=EDGE_CURVE('',#680,#681,#115,.T.);
#840=EDGE_CURVE('',#682,#663,#462,.T.);
#841=EDGE_CURVE('',#681,#682,#116,.T.);
#842=EDGE_CURVE('',#683,#662,#463,.T.);
#843=EDGE_CURVE('',#682,#683,#117,.T.);
#844=EDGE_CURVE('',#684,#685,#464,.T.);
#845=EDGE_CURVE('',#684,#668,#465,.T.);
#846=EDGE_CURVE('',#685,#667,#466,.T.);
#847=EDGE_CURVE('',#686,#684,#467,.T.);
#848=EDGE_CURVE('',#686,#669,#468,.T.);
#849=EDGE_CURVE('',#687,#686,#469,.T.);
#850=EDGE_CURVE('',#687,#670,#470,.T.);
#851=EDGE_CURVE('',#685,#687,#471,.T.);
#852=EDGE_CURVE('',#688,#688,#118,.T.);
#853=EDGE_CURVE('',#688,#671,#472,.T.);
#854=EDGE_CURVE('',#689,#689,#119,.T.);
#855=EDGE_CURVE('',#689,#672,#473,.T.);
#856=EDGE_CURVE('',#690,#690,#120,.T.);
#857=EDGE_CURVE('',#690,#673,#474,.T.);
#858=EDGE_CURVE('',#691,#691,#121,.T.);
#859=EDGE_CURVE('',#691,#674,#475,.T.);
#860=EDGE_CURVE('',#692,#692,#122,.T.);
#861=EDGE_CURVE('',#692,#675,#476,.T.);
#862=EDGE_CURVE('',#693,#693,#123,.T.);
#863=EDGE_CURVE('',#693,#676,#477,.T.);
#864=EDGE_CURVE('',#694,#694,#124,.T.);
#865=EDGE_CURVE('',#694,#695,#478,.T.);
#866=EDGE_CURVE('',#695,#695,#125,.T.);
#867=EDGE_CURVE('',#696,#696,#126,.T.);
#868=EDGE_CURVE('',#696,#697,#479,.T.);
#869=EDGE_CURVE('',#697,#697,#127,.T.);
#870=EDGE_CURVE('',#698,#698,#128,.T.);
#871=EDGE_CURVE('',#698,#699,#480,.T.);
#872=EDGE_CURVE('',#699,#699,#129,.T.);
#873=EDGE_CURVE('',#700,#700,#130,.T.);
#874=EDGE_CURVE('',#700,#701,#481,.T.);
#875=EDGE_CURVE('',#701,#701,#131,.T.);
#876=EDGE_CURVE('',#702,#660,#482,.T.);
#877=EDGE_CURVE('',#683,#702,#483,.T.);
#878=EDGE_CURVE('',#703,#666,#132,.T.);
#879=EDGE_CURVE('',#703,#651,#484,.T.);
#880=EDGE_CURVE('',#704,#703,#133,.T.);
#881=EDGE_CURVE('',#704,#653,#485,.T.);
#882=EDGE_CURVE('',#705,#704,#134,.T.);
#883=EDGE_CURVE('',#705,#654,#486,.T.);
#884=EDGE_CURVE('',#706,#705,#487,.T.);
#885=EDGE_CURVE('',#706,#656,#488,.T.);
#886=EDGE_CURVE('',#707,#706,#135,.T.);
#887=EDGE_CURVE('',#707,#657,#489,.T.);
#888=EDGE_CURVE('',#708,#707,#136,.T.);
#889=EDGE_CURVE('',#708,#659,#490,.T.);
#890=EDGE_CURVE('',#702,#708,#137,.T.);
#891=EDGE_CURVE('',#709,#710,#138,.T.);
#892=EDGE_CURVE('',#710,#711,#491,.T.);
#893=EDGE_CURVE('',#712,#711,#139,.T.);
#894=EDGE_CURVE('',#709,#712,#492,.T.);
#895=EDGE_CURVE('',#713,#709,#493,.T.);
#896=EDGE_CURVE('',#714,#712,#494,.T.);
#897=EDGE_CURVE('',#713,#714,#495,.T.);
#898=EDGE_CURVE('',#715,#713,#140,.T.);
#899=EDGE_CURVE('',#716,#714,#141,.T.);
#900=EDGE_CURVE('',#715,#716,#496,.T.);
#901=EDGE_CURVE('',#717,#715,#497,.T.);
#902=EDGE_CURVE('',#718,#716,#498,.T.);
#903=EDGE_CURVE('',#717,#718,#499,.T.);
#904=EDGE_CURVE('',#719,#717,#142,.T.);
#905=EDGE_CURVE('',#720,#718,#143,.T.);
#906=EDGE_CURVE('',#719,#720,#500,.T.);
#907=EDGE_CURVE('',#721,#719,#501,.T.);
#908=EDGE_CURVE('',#722,#720,#502,.T.);
#909=EDGE_CURVE('',#721,#722,#503,.T.);
#910=EDGE_CURVE('',#723,#721,#144,.T.);
#911=EDGE_CURVE('',#724,#722,#145,.T.);
#912=EDGE_CURVE('',#723,#724,#504,.T.);
#913=EDGE_CURVE('',#710,#723,#505,.T.);
#914=EDGE_CURVE('',#711,#724,#506,.T.);
#915=EDGE_CURVE('',#725,#725,#146,.T.);
#916=EDGE_CURVE('',#725,#726,#507,.T.);
#917=EDGE_CURVE('',#726,#726,#147,.T.);
#918=EDGE_CURVE('',#727,#727,#148,.T.);
#919=EDGE_CURVE('',#727,#728,#508,.T.);
#920=EDGE_CURVE('',#728,#728,#149,.T.);
#921=EDGE_CURVE('',#729,#729,#150,.T.);
#922=EDGE_CURVE('',#729,#730,#509,.T.);
#923=EDGE_CURVE('',#730,#730,#151,.T.);
#924=EDGE_CURVE('',#731,#731,#152,.T.);
#925=EDGE_CURVE('',#731,#732,#510,.T.);
#926=EDGE_CURVE('',#732,#732,#153,.T.);
#927=EDGE_CURVE('',#733,#733,#154,.T.);
#928=EDGE_CURVE('',#733,#734,#511,.T.);
#929=EDGE_CURVE('',#734,#734,#155,.T.);
#930=EDGE_CURVE('',#735,#735,#156,.T.);
#931=EDGE_CURVE('',#735,#736,#512,.T.);
#932=EDGE_CURVE('',#736,#736,#157,.T.);
#933=EDGE_CURVE('',#737,#737,#158,.T.);
#934=EDGE_CURVE('',#737,#738,#513,.T.);
#935=EDGE_CURVE('',#738,#738,#159,.T.);
#936=EDGE_CURVE('',#739,#739,#160,.T.);
#937=EDGE_CURVE('',#739,#740,#514,.T.);
#938=EDGE_CURVE('',#740,#740,#161,.T.);
#939=ORIENTED_EDGE('',*,*,#741,.F.);
#940=ORIENTED_EDGE('',*,*,#742,.F.);
#941=ORIENTED_EDGE('',*,*,#743,.F.);
#942=ORIENTED_EDGE('',*,*,#744,.T.);
#943=ORIENTED_EDGE('',*,*,#745,.F.);
#944=ORIENTED_EDGE('',*,*,#744,.F.);
#945=ORIENTED_EDGE('',*,*,#746,.F.);
#946=ORIENTED_EDGE('',*,*,#747,.T.);
#947=ORIENTED_EDGE('',*,*,#748,.F.);
#948=ORIENTED_EDGE('',*,*,#747,.F.);
#949=ORIENTED_EDGE('',*,*,#749,.F.);
#950=ORIENTED_EDGE('',*,*,#750,.T.);
#951=ORIENTED_EDGE('',*,*,#751,.F.);
#952=ORIENTED_EDGE('',*,*,#750,.F.);
#953=ORIENTED_EDGE('',*,*,#752,.F.);
#954=ORIENTED_EDGE('',*,*,#742,.T.);
#955=ORIENTED_EDGE('',*,*,#753,.T.);
#956=ORIENTED_EDGE('',*,*,#754,.T.);
#957=ORIENTED_EDGE('',*,*,#755,.T.);
#958=ORIENTED_EDGE('',*,*,#756,.T.);
#959=ORIENTED_EDGE('',*,*,#754,.F.);
#960=ORIENTED_EDGE('',*,*,#757,.F.);
#961=ORIENTED_EDGE('',*,*,#758,.F.);
#962=ORIENTED_EDGE('',*,*,#759,.F.);
#963=ORIENTED_EDGE('',*,*,#760,.T.);
#964=ORIENTED_EDGE('',*,*,#761,.T.);
#965=ORIENTED_EDGE('',*,*,#762,.T.);
#966=ORIENTED_EDGE('',*,*,#758,.T.);
#967=ORIENTED_EDGE('',*,*,#761,.F.);
#968=ORIENTED_EDGE('',*,*,#763,.F.);
#969=ORIENTED_EDGE('',*,*,#764,.F.);
#970=ORIENTED_EDGE('',*,*,#765,.F.);
#971=ORIENTED_EDGE('',*,*,#766,.T.);
#972=ORIENTED_EDGE('',*,*,#767,.T.);
#973=ORIENTED_EDGE('',*,*,#768,.T.);
#974=ORIENTED_EDGE('',*,*,#764,.T.);
#975=ORIENTED_EDGE('',*,*,#767,.F.);
#976=ORIENTED_EDGE('',*,*,#769,.F.);
#977=ORIENTED_EDGE('',*,*,#770,.F.);
#978=ORIENTED_EDGE('',*,*,#771,.F.);
#979=ORIENTED_EDGE('',*,*,#772,.T.);
#980=ORIENTED_EDGE('',*,*,#773,.T.);
#981=ORIENTED_EDGE('',*,*,#774,.T.);
#982=ORIENTED_EDGE('',*,*,#770,.T.);
#983=ORIENTED_EDGE('',*,*,#756,.F.);
#984=ORIENTED_EDGE('',*,*,#775,.F.);
#985=ORIENTED_EDGE('',*,*,#773,.F.);
#986=ORIENTED_EDGE('',*,*,#776,.F.);
#987=ORIENTED_EDGE('',*,*,#777,.T.);
#988=ORIENTED_EDGE('',*,*,#778,.T.);
#989=ORIENTED_EDGE('',*,*,#779,.T.);
#990=ORIENTED_EDGE('',*,*,#780,.T.);
#991=ORIENTED_EDGE('',*,*,#781,.T.);
#992=ORIENTED_EDGE('',*,*,#782,.T.);
#993=ORIENTED_EDGE('',*,*,#783,.T.);
#994=ORIENTED_EDGE('',*,*,#784,.T.);
#995=ORIENTED_EDGE('',*,*,#785,.T.);
#996=ORIENTED_EDGE('',*,*,#786,.T.);
#997=ORIENTED_EDGE('',*,*,#787,.T.);
#998=ORIENTED_EDGE('',*,*,#788,.T.);
#999=ORIENTED_EDGE('',*,*,#789,.T.);
#1000=ORIENTED_EDGE('',*,*,#790,.T.);
#1001=ORIENTED_EDGE('',*,*,#791,.T.);
#1002=ORIENTED_EDGE('',*,*,#792,.T.);
#1003=ORIENTED_EDGE('',*,*,#793,.T.);
#1004=ORIENTED_EDGE('',*,*,#794,.T.);
#1005=ORIENTED_EDGE('',*,*,#795,.T.);
#1006=ORIENTED_EDGE('',*,*,#796,.T.);
#1007=ORIENTED_EDGE('',*,*,#797,.T.);
#1008=ORIENTED_EDGE('',*,*,#798,.T.);
#1009=ORIENTED_EDGE('',*,*,#799,.T.);
#1010=ORIENTED_EDGE('',*,*,#800,.T.);
#1011=ORIENTED_EDGE('',*,*,#779,.F.);
#1012=ORIENTED_EDGE('',*,*,#801,.T.);
#1013=ORIENTED_EDGE('',*,*,#799,.F.);
#1014=ORIENTED_EDGE('',*,*,#802,.T.);
#1015=ORIENTED_EDGE('',*,*,#796,.F.);
#1016=ORIENTED_EDGE('',*,*,#803,.T.);
#1017=ORIENTED_EDGE('',*,*,#800,.F.);
#1018=ORIENTED_EDGE('',*,*,#804,.T.);
#1019=ORIENTED_EDGE('',*,*,#793,.F.);
#1020=ORIENTED_EDGE('',*,*,#805,.T.);
#1021=ORIENTED_EDGE('',*,*,#797,.F.);
#1022=ORIENTED_EDGE('',*,*,#806,.T.);
#1023=ORIENTED_EDGE('',*,*,#790,.F.);
#1024=ORIENTED_EDGE('',*,*,#807,.T.);
#1025=ORIENTED_EDGE('',*,*,#794,.F.);
#1026=ORIENTED_EDGE('',*,*,#808,.T.);
#1027=ORIENTED_EDGE('',*,*,#787,.F.);
#1028=ORIENTED_EDGE('',*,*,#809,.T.);
#1029=ORIENTED_EDGE('',*,*,#791,.F.);
#1030=ORIENTED_EDGE('',*,*,#810,.T.);
#1031=ORIENTED_EDGE('',*,*,#784,.F.);
#1032=ORIENTED_EDGE('',*,*,#811,.T.);
#1033=ORIENTED_EDGE('',*,*,#788,.F.);
#1034=ORIENTED_EDGE('',*,*,#812,.T.);
#1035=ORIENTED_EDGE('',*,*,#781,.F.);
#1036=ORIENTED_EDGE('',*,*,#813,.T.);
#1037=ORIENTED_EDGE('',*,*,#785,.F.);
#1038=ORIENTED_EDGE('',*,*,#814,.T.);
#1039=ORIENTED_EDGE('',*,*,#778,.F.);
#1040=ORIENTED_EDGE('',*,*,#815,.T.);
#1041=ORIENTED_EDGE('',*,*,#782,.F.);
#1042=ORIENTED_EDGE('',*,*,#816,.T.);
#1043=ORIENTED_EDGE('',*,*,#811,.F.);
#1044=ORIENTED_EDGE('',*,*,#817,.F.);
#1045=ORIENTED_EDGE('',*,*,#818,.F.);
#1046=ORIENTED_EDGE('',*,*,#819,.T.);
#1047=ORIENTED_EDGE('',*,*,#820,.T.);
#1048=ORIENTED_EDGE('',*,*,#821,.T.);
#1049=ORIENTED_EDGE('',*,*,#822,.T.);
#1050=ORIENTED_EDGE('',*,*,#823,.T.);
#1051=ORIENTED_EDGE('',*,*,#824,.T.);
#1052=ORIENTED_EDGE('',*,*,#825,.T.);
#1053=ORIENTED_EDGE('',*,*,#826,.T.);
#1054=ORIENTED_EDGE('',*,*,#827,.T.);
#1055=ORIENTED_EDGE('',*,*,#828,.T.);
#1056=ORIENTED_EDGE('',*,*,#829,.T.);
#1057=ORIENTED_EDGE('',*,*,#783,.F.);
#1058=ORIENTED_EDGE('',*,*,#830,.F.);
#1059=ORIENTED_EDGE('',*,*,#831,.F.);
#1060=ORIENTED_EDGE('',*,*,#817,.T.);
#1061=ORIENTED_EDGE('',*,*,#813,.F.);
#1062=ORIENTED_EDGE('',*,*,#832,.F.);
#1063=ORIENTED_EDGE('',*,*,#833,.F.);
#1064=ORIENTED_EDGE('',*,*,#830,.T.);
#1065=ORIENTED_EDGE('',*,*,#780,.F.);
#1066=ORIENTED_EDGE('',*,*,#834,.F.);
#1067=ORIENTED_EDGE('',*,*,#835,.F.);
#1068=ORIENTED_EDGE('',*,*,#832,.T.);
#1069=ORIENTED_EDGE('',*,*,#815,.F.);
#1070=ORIENTED_EDGE('',*,*,#836,.F.);
#1071=ORIENTED_EDGE('',*,*,#837,.F.);
#1072=ORIENTED_EDGE('',*,*,#834,.T.);
#1073=ORIENTED_EDGE('',*,*,#741,.T.);
#1074=ORIENTED_EDGE('',*,*,#745,.T.);
#1075=ORIENTED_EDGE('',*,*,#748,.T.);
#1076=ORIENTED_EDGE('',*,*,#751,.T.);
#1077=ORIENTED_EDGE('',*,*,#777,.F.);
#1078=ORIENTED_EDGE('',*,*,#838,.F.);
#1079=ORIENTED_EDGE('',*,*,#839,.F.);
#1080=ORIENTED_EDGE('',*,*,#836,.T.);
#1081=ORIENTED_EDGE('',*,*,#802,.F.);
#1082=ORIENTED_EDGE('',*,*,#840,.F.);
#1083=ORIENTED_EDGE('',*,*,#841,.F.);
#1084=ORIENTED_EDGE('',*,*,#838,.T.);
#1085=ORIENTED_EDGE('',*,*,#798,.F.);
#1086=ORIENTED_EDGE('',*,*,#842,.F.);
#1087=ORIENTED_EDGE('',*,*,#843,.F.);
#1088=ORIENTED_EDGE('',*,*,#840,.T.);
#1089=ORIENTED_EDGE('',*,*,#801,.F.);
#1090=ORIENTED_EDGE('',*,*,#816,.F.);
#1091=ORIENTED_EDGE('',*,*,#814,.F.);
#1092=ORIENTED_EDGE('',*,*,#812,.F.);
#1093=ORIENTED_EDGE('',*,*,#810,.F.);
#1094=ORIENTED_EDGE('',*,*,#808,.F.);
#1095=ORIENTED_EDGE('',*,*,#806,.F.);
#1096=ORIENTED_EDGE('',*,*,#804,.F.);
#1097=ORIENTED_EDGE('',*,*,#844,.F.);
#1098=ORIENTED_EDGE('',*,*,#845,.T.);
#1099=ORIENTED_EDGE('',*,*,#820,.F.);
#1100=ORIENTED_EDGE('',*,*,#846,.F.);
#1101=ORIENTED_EDGE('',*,*,#847,.F.);
#1102=ORIENTED_EDGE('',*,*,#848,.T.);
#1103=ORIENTED_EDGE('',*,*,#821,.F.);
#1104=ORIENTED_EDGE('',*,*,#845,.F.);
#1105=ORIENTED_EDGE('',*,*,#849,.F.);
#1106=ORIENTED_EDGE('',*,*,#850,.T.);
#1107=ORIENTED_EDGE('',*,*,#822,.F.);
#1108=ORIENTED_EDGE('',*,*,#848,.F.);
#1109=ORIENTED_EDGE('',*,*,#851,.F.);
#1110=ORIENTED_EDGE('',*,*,#846,.T.);
#1111=ORIENTED_EDGE('',*,*,#823,.F.);
#1112=ORIENTED_EDGE('',*,*,#850,.F.);
#1113=ORIENTED_EDGE('',*,*,#852,.F.);
#1114=ORIENTED_EDGE('',*,*,#853,.T.);
#1115=ORIENTED_EDGE('',*,*,#824,.F.);
#1116=ORIENTED_EDGE('',*,*,#853,.F.);
#1117=ORIENTED_EDGE('',*,*,#854,.F.);
#1118=ORIENTED_EDGE('',*,*,#855,.T.);
#1119=ORIENTED_EDGE('',*,*,#825,.F.);
#1120=ORIENTED_EDGE('',*,*,#855,.F.);
#1121=ORIENTED_EDGE('',*,*,#856,.F.);
#1122=ORIENTED_EDGE('',*,*,#857,.T.);
#1123=ORIENTED_EDGE('',*,*,#826,.F.);
#1124=ORIENTED_EDGE('',*,*,#857,.F.);
#1125=ORIENTED_EDGE('',*,*,#858,.F.);
#1126=ORIENTED_EDGE('',*,*,#859,.T.);
#1127=ORIENTED_EDGE('',*,*,#827,.F.);
#1128=ORIENTED_EDGE('',*,*,#859,.F.);
#1129=ORIENTED_EDGE('',*,*,#860,.F.);
#1130=ORIENTED_EDGE('',*,*,#861,.T.);
#1131=ORIENTED_EDGE('',*,*,#828,.F.);
#1132=ORIENTED_EDGE('',*,*,#861,.F.);
#1133=ORIENTED_EDGE('',*,*,#862,.F.);
#1134=ORIENTED_EDGE('',*,*,#863,.T.);
#1135=ORIENTED_EDGE('',*,*,#829,.F.);
#1136=ORIENTED_EDGE('',*,*,#863,.F.);
#1137=ORIENTED_EDGE('',*,*,#864,.F.);
#1138=ORIENTED_EDGE('',*,*,#865,.T.);
#1139=ORIENTED_EDGE('',*,*,#866,.T.);
#1140=ORIENTED_EDGE('',*,*,#865,.F.);
#1141=ORIENTED_EDGE('',*,*,#866,.F.);
#1142=ORIENTED_EDGE('',*,*,#867,.F.);
#1143=ORIENTED_EDGE('',*,*,#868,.T.);
#1144=ORIENTED_EDGE('',*,*,#869,.T.);
#1145=ORIENTED_EDGE('',*,*,#868,.F.);
#1146=ORIENTED_EDGE('',*,*,#869,.F.);
#1147=ORIENTED_EDGE('',*,*,#870,.F.);
#1148=ORIENTED_EDGE('',*,*,#871,.T.);
#1149=ORIENTED_EDGE('',*,*,#872,.T.);
#1150=ORIENTED_EDGE('',*,*,#871,.F.);
#1151=ORIENTED_EDGE('',*,*,#872,.F.);
#1152=ORIENTED_EDGE('',*,*,#873,.F.);
#1153=ORIENTED_EDGE('',*,*,#874,.T.);
#1154=ORIENTED_EDGE('',*,*,#875,.T.);
#1155=ORIENTED_EDGE('',*,*,#874,.F.);
#1156=ORIENTED_EDGE('',*,*,#875,.F.);
#1157=ORIENTED_EDGE('',*,*,#803,.F.);
#1158=ORIENTED_EDGE('',*,*,#876,.F.);
#1159=ORIENTED_EDGE('',*,*,#877,.F.);
#1160=ORIENTED_EDGE('',*,*,#842,.T.);
#1161=ORIENTED_EDGE('',*,*,#759,.T.);
#1162=ORIENTED_EDGE('',*,*,#762,.F.);
#1163=ORIENTED_EDGE('',*,*,#765,.T.);
#1164=ORIENTED_EDGE('',*,*,#768,.F.);
#1165=ORIENTED_EDGE('',*,*,#771,.T.);
#1166=ORIENTED_EDGE('',*,*,#774,.F.);
#1167=ORIENTED_EDGE('',*,*,#775,.T.);
#1168=ORIENTED_EDGE('',*,*,#755,.F.);
#1169=ORIENTED_EDGE('',*,*,#786,.F.);
#1170=ORIENTED_EDGE('',*,*,#819,.F.);
#1171=ORIENTED_EDGE('',*,*,#878,.F.);
#1172=ORIENTED_EDGE('',*,*,#879,.T.);
#1173=ORIENTED_EDGE('',*,*,#809,.F.);
#1174=ORIENTED_EDGE('',*,*,#879,.F.);
#1175=ORIENTED_EDGE('',*,*,#880,.F.);
#1176=ORIENTED_EDGE('',*,*,#881,.T.);
#1177=ORIENTED_EDGE('',*,*,#789,.F.);
#1178=ORIENTED_EDGE('',*,*,#881,.F.);
#1179=ORIENTED_EDGE('',*,*,#882,.F.);
#1180=ORIENTED_EDGE('',*,*,#883,.T.);
#1181=ORIENTED_EDGE('',*,*,#807,.F.);
#1182=ORIENTED_EDGE('',*,*,#883,.F.);
#1183=ORIENTED_EDGE('',*,*,#884,.F.);
#1184=ORIENTED_EDGE('',*,*,#885,.T.);
#1185=ORIENTED_EDGE('',*,*,#792,.F.);
#1186=ORIENTED_EDGE('',*,*,#885,.F.);
#1187=ORIENTED_EDGE('',*,*,#886,.F.);
#1188=ORIENTED_EDGE('',*,*,#887,.T.);
#1189=ORIENTED_EDGE('',*,*,#805,.F.);
#1190=ORIENTED_EDGE('',*,*,#887,.F.);
#1191=ORIENTED_EDGE('',*,*,#888,.F.);
#1192=ORIENTED_EDGE('',*,*,#889,.T.);
#1193=ORIENTED_EDGE('',*,*,#795,.F.);
#1194=ORIENTED_EDGE('',*,*,#889,.F.);
#1195=ORIENTED_EDGE('',*,*,#890,.F.);
#1196=ORIENTED_EDGE('',*,*,#876,.T.);
#1197=ORIENTED_EDGE('',*,*,#891,.T.);
#1198=ORIENTED_EDGE('',*,*,#892,.T.);
#1199=ORIENTED_EDGE('',*,*,#893,.F.);
#1200=ORIENTED_EDGE('',*,*,#894,.F.);
#1201=ORIENTED_EDGE('',*,*,#895,.T.);
#1202=ORIENTED_EDGE('',*,*,#894,.T.);
#1203=ORIENTED_EDGE('',*,*,#896,.F.);
#1204=ORIENTED_EDGE('',*,*,#897,.F.);
#1205=ORIENTED_EDGE('',*,*,#898,.T.);
#1206=ORIENTED_EDGE('',*,*,#897,.T.);
#1207=ORIENTED_EDGE('',*,*,#899,.F.);
#1208=ORIENTED_EDGE('',*,*,#900,.F.);
#1209=ORIENTED_EDGE('',*,*,#901,.T.);
#1210=ORIENTED_EDGE('',*,*,#900,.T.);
#1211=ORIENTED_EDGE('',*,*,#902,.F.);
#1212=ORIENTED_EDGE('',*,*,#903,.F.);
#1213=ORIENTED_EDGE('',*,*,#862,.T.);
#1214=ORIENTED_EDGE('',*,*,#860,.T.);
#1215=ORIENTED_EDGE('',*,*,#858,.T.);
#1216=ORIENTED_EDGE('',*,*,#856,.T.);
#1217=ORIENTED_EDGE('',*,*,#854,.T.);
#1218=ORIENTED_EDGE('',*,*,#852,.T.);
#1219=ORIENTED_EDGE('',*,*,#844,.T.);
#1220=ORIENTED_EDGE('',*,*,#851,.T.);
#1221=ORIENTED_EDGE('',*,*,#849,.T.);
#1222=ORIENTED_EDGE('',*,*,#847,.T.);
#1223=ORIENTED_EDGE('',*,*,#904,.T.);
#1224=ORIENTED_EDGE('',*,*,#903,.T.);
#1225=ORIENTED_EDGE('',*,*,#905,.F.);
#1226=ORIENTED_EDGE('',*,*,#906,.F.);
#1227=ORIENTED_EDGE('',*,*,#907,.T.);
#1228=ORIENTED_EDGE('',*,*,#906,.T.);
#1229=ORIENTED_EDGE('',*,*,#908,.F.);
#1230=ORIENTED_EDGE('',*,*,#909,.F.);
#1231=ORIENTED_EDGE('',*,*,#743,.T.);
#1232=ORIENTED_EDGE('',*,*,#752,.T.);
#1233=ORIENTED_EDGE('',*,*,#749,.T.);
#1234=ORIENTED_EDGE('',*,*,#746,.T.);
#1235=ORIENTED_EDGE('',*,*,#910,.T.);
#1236=ORIENTED_EDGE('',*,*,#909,.T.);
#1237=ORIENTED_EDGE('',*,*,#911,.F.);
#1238=ORIENTED_EDGE('',*,*,#912,.F.);
#1239=ORIENTED_EDGE('',*,*,#913,.T.);
#1240=ORIENTED_EDGE('',*,*,#912,.T.);
#1241=ORIENTED_EDGE('',*,*,#914,.F.);
#1242=ORIENTED_EDGE('',*,*,#892,.F.);
#1243=ORIENTED_EDGE('',*,*,#757,.T.);
#1244=ORIENTED_EDGE('',*,*,#753,.F.);
#1245=ORIENTED_EDGE('',*,*,#776,.T.);
#1246=ORIENTED_EDGE('',*,*,#772,.F.);
#1247=ORIENTED_EDGE('',*,*,#769,.T.);
#1248=ORIENTED_EDGE('',*,*,#766,.F.);
#1249=ORIENTED_EDGE('',*,*,#763,.T.);
#1250=ORIENTED_EDGE('',*,*,#760,.F.);
#1251=ORIENTED_EDGE('',*,*,#914,.T.);
#1252=ORIENTED_EDGE('',*,*,#911,.T.);
#1253=ORIENTED_EDGE('',*,*,#908,.T.);
#1254=ORIENTED_EDGE('',*,*,#905,.T.);
#1255=ORIENTED_EDGE('',*,*,#902,.T.);
#1256=ORIENTED_EDGE('',*,*,#899,.T.);
#1257=ORIENTED_EDGE('',*,*,#896,.T.);
#1258=ORIENTED_EDGE('',*,*,#893,.T.);
#1259=ORIENTED_EDGE('',*,*,#877,.T.);
#1260=ORIENTED_EDGE('',*,*,#890,.T.);
#1261=ORIENTED_EDGE('',*,*,#888,.T.);
#1262=ORIENTED_EDGE('',*,*,#886,.T.);
#1263=ORIENTED_EDGE('',*,*,#884,.T.);
#1264=ORIENTED_EDGE('',*,*,#882,.T.);
#1265=ORIENTED_EDGE('',*,*,#880,.T.);
#1266=ORIENTED_EDGE('',*,*,#878,.T.);
#1267=ORIENTED_EDGE('',*,*,#818,.T.);
#1268=ORIENTED_EDGE('',*,*,#831,.T.);
#1269=ORIENTED_EDGE('',*,*,#833,.T.);
#1270=ORIENTED_EDGE('',*,*,#835,.T.);
#1271=ORIENTED_EDGE('',*,*,#837,.T.);
#1272=ORIENTED_EDGE('',*,*,#839,.T.);
#1273=ORIENTED_EDGE('',*,*,#841,.T.);
#1274=ORIENTED_EDGE('',*,*,#843,.T.);
#1275=ORIENTED_EDGE('',*,*,#873,.T.);
#1276=ORIENTED_EDGE('',*,*,#870,.T.);
#1277=ORIENTED_EDGE('',*,*,#867,.T.);
#1278=ORIENTED_EDGE('',*,*,#864,.T.);
#1279=ORIENTED_EDGE('',*,*,#913,.F.);
#1280=ORIENTED_EDGE('',*,*,#891,.F.);
#1281=ORIENTED_EDGE('',*,*,#895,.F.);
#1282=ORIENTED_EDGE('',*,*,#898,.F.);
#1283=ORIENTED_EDGE('',*,*,#901,.F.);
#1284=ORIENTED_EDGE('',*,*,#904,.F.);
#1285=ORIENTED_EDGE('',*,*,#907,.F.);
#1286=ORIENTED_EDGE('',*,*,#910,.F.);
#1287=ORIENTED_EDGE('',*,*,#915,.F.);
#1288=ORIENTED_EDGE('',*,*,#916,.T.);
#1289=ORIENTED_EDGE('',*,*,#917,.T.);
#1290=ORIENTED_EDGE('',*,*,#916,.F.);
#1291=ORIENTED_EDGE('',*,*,#918,.F.);
#1292=ORIENTED_EDGE('',*,*,#919,.T.);
#1293=ORIENTED_EDGE('',*,*,#920,.T.);
#1294=ORIENTED_EDGE('',*,*,#919,.F.);
#1295=ORIENTED_EDGE('',*,*,#918,.T.);
#1296=ORIENTED_EDGE('',*,*,#915,.T.);
#1297=ORIENTED_EDGE('',*,*,#920,.F.);
#1298=ORIENTED_EDGE('',*,*,#917,.F.);
#1299=ORIENTED_EDGE('',*,*,#921,.F.);
#1300=ORIENTED_EDGE('',*,*,#922,.T.);
#1301=ORIENTED_EDGE('',*,*,#923,.T.);
#1302=ORIENTED_EDGE('',*,*,#922,.F.);
#1303=ORIENTED_EDGE('',*,*,#924,.F.);
#1304=ORIENTED_EDGE('',*,*,#925,.T.);
#1305=ORIENTED_EDGE('',*,*,#926,.T.);
#1306=ORIENTED_EDGE('',*,*,#925,.F.);
#1307=ORIENTED_EDGE('',*,*,#924,.T.);
#1308=ORIENTED_EDGE('',*,*,#921,.T.);
#1309=ORIENTED_EDGE('',*,*,#926,.F.);
#1310=ORIENTED_EDGE('',*,*,#923,.F.);
#1311=ORIENTED_EDGE('',*,*,#927,.F.);
#1312=ORIENTED_EDGE('',*,*,#928,.T.);
#1313=ORIENTED_EDGE('',*,*,#929,.T.);
#1314=ORIENTED_EDGE('',*,*,#928,.F.);
#1315=ORIENTED_EDGE('',*,*,#930,.F.);
#1316=ORIENTED_EDGE('',*,*,#931,.T.);
#1317=ORIENTED_EDGE('',*,*,#932,.T.);
#1318=ORIENTED_EDGE('',*,*,#931,.F.);
#1319=ORIENTED_EDGE('',*,*,#930,.T.);
#1320=ORIENTED_EDGE('',*,*,#927,.T.);
#1321=ORIENTED_EDGE('',*,*,#932,.F.);
#1322=ORIENTED_EDGE('',*,*,#929,.F.);
#1323=ORIENTED_EDGE('',*,*,#933,.F.);
#1324=ORIENTED_EDGE('',*,*,#934,.T.);
#1325=ORIENTED_EDGE('',*,*,#935,.T.);
#1326=ORIENTED_EDGE('',*,*,#934,.F.);
#1327=ORIENTED_EDGE('',*,*,#936,.F.);
#1328=ORIENTED_EDGE('',*,*,#937,.T.);
#1329=ORIENTED_EDGE('',*,*,#938,.T.);
#1330=ORIENTED_EDGE('',*,*,#937,.F.);
#1331=ORIENTED_EDGE('',*,*,#936,.T.);
#1332=ORIENTED_EDGE('',*,*,#933,.T.);
#1333=ORIENTED_EDGE('',*,*,#938,.F.);
#1334=ORIENTED_EDGE('',*,*,#935,.F.);
#1335=PLANE('',#1477);
#1336=PLANE('',#1478);
#1337=PLANE('',#1479);
#1338=PLANE('',#1480);
#1339=PLANE('',#1484);
#1340=PLANE('',#1488);
#1341=PLANE('',#1492);
#1342=PLANE('',#1496);
#1343=PLANE('',#1521);
#1344=PLANE('',#1534);
#1345=PLANE('',#1541);
#1346=PLANE('',#1542);
#1347=PLANE('',#1543);
#1348=PLANE('',#1544);
#1349=PLANE('',#1545);
#1350=PLANE('',#1561);
#1351=PLANE('',#1565);
#1352=PLANE('',#1569);
#1353=PLANE('',#1573);
#1354=PLANE('',#1574);
#1355=PLANE('',#1581);
#1356=PLANE('',#1591);
#1357=PLANE('',#1595);
#1358=PLANE('',#1599);
#1359=PLANE('',#1603);
#1360=PLANE('',#1604);
#1361=PLANE('',#1605);
#1362=PLANE('',#1612);
#1363=PLANE('',#1613);
#1364=PLANE('',#1620);
#1365=PLANE('',#1621);
#1366=PLANE('',#1628);
#1367=PLANE('',#1629);
#1368=PLANE('',#1636);
#1369=PLANE('',#1637);
#1370=ADVANCED_FACE('',(#204),#1335,.F.);
#1371=ADVANCED_FACE('',(#205),#1336,.F.);
#1372=ADVANCED_FACE('',(#206),#1337,.F.);
#1373=ADVANCED_FACE('',(#207),#1338,.F.);
#1374=ADVANCED_FACE('',(#208),#162,.F.);
#1375=ADVANCED_FACE('',(#209),#1339,.F.);
#1376=ADVANCED_FACE('',(#210),#163,.F.);
#1377=ADVANCED_FACE('',(#211),#1340,.F.);
#1378=ADVANCED_FACE('',(#212),#164,.F.);
#1379=ADVANCED_FACE('',(#213),#1341,.F.);
#1380=ADVANCED_FACE('',(#214),#165,.F.);
#1381=ADVANCED_FACE('',(#215),#1342,.F.);
#1382=ADVANCED_FACE('',(#216),#74,.T.);
#1383=ADVANCED_FACE('',(#217),#75,.T.);
#1384=ADVANCED_FACE('',(#218),#76,.T.);
#1385=ADVANCED_FACE('',(#219),#77,.T.);
#1386=ADVANCED_FACE('',(#220),#78,.T.);
#1387=ADVANCED_FACE('',(#221),#79,.T.);
#1388=ADVANCED_FACE('',(#222),#80,.T.);
#1389=ADVANCED_FACE('',(#223),#81,.T.);
#1390=ADVANCED_FACE('',(#224),#54,.F.);
#1391=ADVANCED_FACE('',(#225),#166,.F.);
#1392=ADVANCED_FACE('',(#226),#55,.F.);
#1393=ADVANCED_FACE('',(#227),#167,.F.);
#1394=ADVANCED_FACE('',(#228),#56,.F.);
#1395=ADVANCED_FACE('',(#229),#168,.F.);
#1396=ADVANCED_FACE('',(#230),#57,.F.);
#1397=ADVANCED_FACE('',(#231),#169,.F.);
#1398=ADVANCED_FACE('',(#232,#23,#24,#25,#26,#27,#28,#29),#1343,.F.);
#1399=ADVANCED_FACE('',(#233),#170,.F.);
#1400=ADVANCED_FACE('',(#234),#171,.T.);
#1401=ADVANCED_FACE('',(#235),#172,.F.);
#1402=ADVANCED_FACE('',(#236,#30),#1344,.F.);
#1403=ADVANCED_FACE('',(#237),#173,.F.);
#1404=ADVANCED_FACE('',(#238),#174,.T.);
#1405=ADVANCED_FACE('',(#239),#175,.F.);
#1406=ADVANCED_FACE('',(#240),#1345,.T.);
#1407=ADVANCED_FACE('',(#241),#1346,.F.);
#1408=ADVANCED_FACE('',(#242),#1347,.F.);
#1409=ADVANCED_FACE('',(#243),#1348,.F.);
#1410=ADVANCED_FACE('',(#244),#1349,.F.);
#1411=ADVANCED_FACE('',(#245),#176,.F.);
#1412=ADVANCED_FACE('',(#246),#177,.F.);
#1413=ADVANCED_FACE('',(#247),#178,.F.);
#1414=ADVANCED_FACE('',(#248),#179,.F.);
#1415=ADVANCED_FACE('',(#249),#180,.F.);
#1416=ADVANCED_FACE('',(#250),#181,.F.);
#1417=ADVANCED_FACE('',(#251),#182,.F.);
#1418=ADVANCED_FACE('',(#252),#1350,.T.);
#1419=ADVANCED_FACE('',(#253),#183,.F.);
#1420=ADVANCED_FACE('',(#254),#1351,.T.);
#1421=ADVANCED_FACE('',(#255),#184,.F.);
#1422=ADVANCED_FACE('',(#256),#1352,.T.);
#1423=ADVANCED_FACE('',(#257),#185,.F.);
#1424=ADVANCED_FACE('',(#258),#1353,.T.);
#1425=ADVANCED_FACE('',(#259,#31),#1354,.F.);
#1426=ADVANCED_FACE('',(#260),#186,.F.);
#1427=ADVANCED_FACE('',(#261),#187,.T.);
#1428=ADVANCED_FACE('',(#262),#188,.F.);
#1429=ADVANCED_FACE('',(#263),#1355,.F.);
#1430=ADVANCED_FACE('',(#264),#189,.F.);
#1431=ADVANCED_FACE('',(#265),#190,.T.);
#1432=ADVANCED_FACE('',(#266),#191,.F.);
#1433=ADVANCED_FACE('',(#267),#192,.T.);
#1434=ADVANCED_FACE('',(#268),#1356,.T.);
#1435=ADVANCED_FACE('',(#269),#193,.T.);
#1436=ADVANCED_FACE('',(#270,#32,#33,#34,#35,#36,#37,#38),#1357,.T.);
#1437=ADVANCED_FACE('',(#271),#194,.T.);
#1438=ADVANCED_FACE('',(#272,#39),#1358,.T.);
#1439=ADVANCED_FACE('',(#273),#195,.T.);
#1440=ADVANCED_FACE('',(#274,#40),#1359,.T.);
#1441=ADVANCED_FACE('',(#275,#41,#42,#43,#44,#45),#1360,.T.);
#1442=ADVANCED_FACE('',(#276),#1361,.F.);
#1443=ADVANCED_FACE('',(#277),#196,.F.);
#1444=ADVANCED_FACE('',(#278),#197,.T.);
#1445=ADVANCED_FACE('',(#279,#46),#1362,.T.);
#1446=ADVANCED_FACE('',(#280,#47),#1363,.F.);
#1447=ADVANCED_FACE('',(#281),#198,.F.);
#1448=ADVANCED_FACE('',(#282),#199,.T.);
#1449=ADVANCED_FACE('',(#283,#48),#1364,.T.);
#1450=ADVANCED_FACE('',(#284,#49),#1365,.F.);
#1451=ADVANCED_FACE('',(#285),#200,.F.);
#1452=ADVANCED_FACE('',(#286),#201,.T.);
#1453=ADVANCED_FACE('',(#287,#50),#1366,.T.);
#1454=ADVANCED_FACE('',(#288,#51),#1367,.F.);
#1455=ADVANCED_FACE('',(#289),#202,.F.);
#1456=ADVANCED_FACE('',(#290),#203,.T.);
#1457=ADVANCED_FACE('',(#291,#52),#1368,.T.);
#1458=ADVANCED_FACE('',(#292,#53),#1369,.F.);
#1459=CLOSED_SHELL('',(#1370,#1371,#1372,#1373,#1374,#1375,#1376,#1377,
#1378,#1379,#1380,#1381,#1382,#1383,#1384,#1385,#1386,#1387,#1388,#1389,
#1390,#1391,#1392,#1393,#1394,#1395,#1396,#1397,#1398,#1399,#1400,#1401,
#1402,#1403,#1404,#1405,#1406,#1407,#1408,#1409,#1410,#1411,#1412,#1413,
#1414,#1415,#1416,#1417,#1418,#1419,#1420,#1421,#1422,#1423,#1424,#1425,
#1426,#1427,#1428,#1429,#1430,#1431,#1432,#1433,#1434,#1435,#1436,#1437,
#1438,#1439,#1440,#1441,#1442));
#1460=CLOSED_SHELL('',(#1443,#1444,#1445,#1446));
#1461=CLOSED_SHELL('',(#1447,#1448,#1449,#1450));
#1462=CLOSED_SHELL('',(#1451,#1452,#1453,#1454));
#1463=CLOSED_SHELL('',(#1455,#1456,#1457,#1458));
#1464=DERIVED_UNIT_ELEMENT(#1466,1.);
#1465=DERIVED_UNIT_ELEMENT(#3045,-3.);
#1466=(
MASS_UNIT()
NAMED_UNIT(*)
SI_UNIT(.KILO.,.GRAM.)
);
#1467=DERIVED_UNIT((#1464,#1465));
#1468=MEASURE_REPRESENTATION_ITEM('density measure',
POSITIVE_RATIO_MEASURE(7850.),#1467);
#1469=PROPERTY_DEFINITION_REPRESENTATION(#1474,#1471);
#1470=PROPERTY_DEFINITION_REPRESENTATION(#1475,#1472);
#1471=REPRESENTATION('material name',(#1473),#3042);
#1472=REPRESENTATION('density',(#1468),#3042);
#1473=DESCRIPTIVE_REPRESENTATION_ITEM('Steel','Steel');
#1474=PROPERTY_DEFINITION('material property','material name',#3052);
#1475=PROPERTY_DEFINITION('material property','density of part',#3052);
#1476=AXIS2_PLACEMENT_3D('',#2064,#1638,#1639);
#1477=AXIS2_PLACEMENT_3D('',#2065,#1640,#1641);
#1478=AXIS2_PLACEMENT_3D('',#2074,#1646,#1647);
#1479=AXIS2_PLACEMENT_3D('',#2080,#1651,#1652);
#1480=AXIS2_PLACEMENT_3D('',#2086,#1656,#1657);
#1481=AXIS2_PLACEMENT_3D('',#2089,#1660,#1661);
#1482=AXIS2_PLACEMENT_3D('',#2092,#1662,#1663);
#1483=AXIS2_PLACEMENT_3D('',#2096,#1665,#1666);
#1484=AXIS2_PLACEMENT_3D('',#2098,#1668,#1669);
#1485=AXIS2_PLACEMENT_3D('',#2104,#1673,#1674);
#1486=AXIS2_PLACEMENT_3D('',#2106,#1675,#1676);
#1487=AXIS2_PLACEMENT_3D('',#2109,#1678,#1679);
#1488=AXIS2_PLACEMENT_3D('',#2110,#1680,#1681);
#1489=AXIS2_PLACEMENT_3D('',#2116,#1685,#1686);
#1490=AXIS2_PLACEMENT_3D('',#2118,#1687,#1688);
#1491=AXIS2_PLACEMENT_3D('',#2121,#1690,#1691);
#1492=AXIS2_PLACEMENT_3D('',#2122,#1692,#1693);
#1493=AXIS2_PLACEMENT_3D('',#2128,#1697,#1698);
#1494=AXIS2_PLACEMENT_3D('',#2130,#1699,#1700);
#1495=AXIS2_PLACEMENT_3D('',#2133,#1702,#1703);
#1496=AXIS2_PLACEMENT_3D('',#2134,#1704,#1705);
#1497=AXIS2_PLACEMENT_3D('',#2199,#1708,#1709);
#1498=AXIS2_PLACEMENT_3D('',#2277,#1710,#1711);
#1499=AXIS2_PLACEMENT_3D('',#2351,#1712,#1713);
#1500=AXIS2_PLACEMENT_3D('',#2425,#1714,#1715);
#1501=AXIS2_PLACEMENT_3D('',#2509,#1716,#1717);
#1502=AXIS2_PLACEMENT_3D('',#2587,#1718,#1719);
#1503=AXIS2_PLACEMENT_3D('',#2661,#1720,#1721);
#1504=AXIS2_PLACEMENT_3D('',#2735,#1722,#1723);
#1505=AXIS2_PLACEMENT_3D('',#2757,#1724,#1725);
#1506=AXIS2_PLACEMENT_3D('',#2758,#1726,#1727);
#1507=AXIS2_PLACEMENT_3D('',#2759,#1728,#1729);
#1508=AXIS2_PLACEMENT_3D('',#2760,#1730,#1731);
#1509=AXIS2_PLACEMENT_3D('',#2763,#1734,#1735);
#1510=AXIS2_PLACEMENT_3D('',#2764,#1736,#1737);
#1511=AXIS2_PLACEMENT_3D('',#2765,#1738,#1739);
#1512=AXIS2_PLACEMENT_3D('',#2766,#1740,#1741);
#1513=AXIS2_PLACEMENT_3D('',#2769,#1744,#1745);
#1514=AXIS2_PLACEMENT_3D('',#2770,#1746,#1747);
#1515=AXIS2_PLACEMENT_3D('',#2771,#1748,#1749);
#1516=AXIS2_PLACEMENT_3D('',#2772,#1750,#1751);
#1517=AXIS2_PLACEMENT_3D('',#2775,#1754,#1755);
#1518=AXIS2_PLACEMENT_3D('',#2776,#1756,#1757);
#1519=AXIS2_PLACEMENT_3D('',#2777,#1758,#1759);
#1520=AXIS2_PLACEMENT_3D('',#2778,#1760,#1761);
#1521=AXIS2_PLACEMENT_3D('',#2781,#1764,#1765);
#1522=AXIS2_PLACEMENT_3D('',#2796,#1773,#1774);
#1523=AXIS2_PLACEMENT_3D('',#2798,#1775,#1776);
#1524=AXIS2_PLACEMENT_3D('',#2800,#1777,#1778);
#1525=AXIS2_PLACEMENT_3D('',#2802,#1779,#1780);
#1526=AXIS2_PLACEMENT_3D('',#2804,#1781,#1782);
#1527=AXIS2_PLACEMENT_3D('',#2806,#1783,#1784);
#1528=AXIS2_PLACEMENT_3D('',#2807,#1785,#1786);
#1529=AXIS2_PLACEMENT_3D('',#2810,#1788,#1789);
#1530=AXIS2_PLACEMENT_3D('',#2811,#1790,#1791);
#1531=AXIS2_PLACEMENT_3D('',#2814,#1793,#1794);
#1532=AXIS2_PLACEMENT_3D('',#2815,#1795,#1796);
#1533=AXIS2_PLACEMENT_3D('',#2818,#1798,#1799);
#1534=AXIS2_PLACEMENT_3D('',#2819,#1800,#1801);
#1535=AXIS2_PLACEMENT_3D('',#2823,#1804,#1805);
#1536=AXIS2_PLACEMENT_3D('',#2826,#1807,#1808);
#1537=AXIS2_PLACEMENT_3D('',#2827,#1809,#1810);
#1538=AXIS2_PLACEMENT_3D('',#2830,#1812,#1813);
#1539=AXIS2_PLACEMENT_3D('',#2831,#1814,#1815);
#1540=AXIS2_PLACEMENT_3D('',#2834,#1817,#1818);
#1541=AXIS2_PLACEMENT_3D('',#2835,#1819,#1820);
#1542=AXIS2_PLACEMENT_3D('',#2836,#1821,#1822);
#1543=AXIS2_PLACEMENT_3D('',#2842,#1826,#1827);
#1544=AXIS2_PLACEMENT_3D('',#2846,#1830,#1831);
#1545=AXIS2_PLACEMENT_3D('',#2850,#1834,#1835);
#1546=AXIS2_PLACEMENT_3D('',#2852,#1837,#1838);
#1547=AXIS2_PLACEMENT_3D('',#2854,#1839,#1840);
#1548=AXIS2_PLACEMENT_3D('',#2856,#1842,#1843);
#1549=AXIS2_PLACEMENT_3D('',#2858,#1844,#1845);
#1550=AXIS2_PLACEMENT_3D('',#2860,#1847,#1848);
#1551=AXIS2_PLACEMENT_3D('',#2862,#1849,#1850);
#1552=AXIS2_PLACEMENT_3D('',#2864,#1852,#1853);
#1553=AXIS2_PLACEMENT_3D('',#2866,#1854,#1855);
#1554=AXIS2_PLACEMENT_3D('',#2868,#1857,#1858);
#1555=AXIS2_PLACEMENT_3D('',#2870,#1859,#1860);
#1556=AXIS2_PLACEMENT_3D('',#2872,#1862,#1863);
#1557=AXIS2_PLACEMENT_3D('',#2874,#1864,#1865);
#1558=AXIS2_PLACEMENT_3D('',#2876,#1867,#1868);
#1559=AXIS2_PLACEMENT_3D('',#2878,#1869,#1870);
#1560=AXIS2_PLACEMENT_3D('',#2881,#1872,#1873);
#1561=AXIS2_PLACEMENT_3D('',#2882,#1874,#1875);
#1562=AXIS2_PLACEMENT_3D('',#2883,#1876,#1877);
#1563=AXIS2_PLACEMENT_3D('',#2885,#1878,#1879);
#1564=AXIS2_PLACEMENT_3D('',#2888,#1881,#1882);
#1565=AXIS2_PLACEMENT_3D('',#2889,#1883,#1884);
#1566=AXIS2_PLACEMENT_3D('',#2890,#1885,#1886);
#1567=AXIS2_PLACEMENT_3D('',#2892,#1887,#1888);
#1568=AXIS2_PLACEMENT_3D('',#2895,#1890,#1891);
#1569=AXIS2_PLACEMENT_3D('',#2896,#1892,#1893);
#1570=AXIS2_PLACEMENT_3D('',#2897,#1894,#1895);
#1571=AXIS2_PLACEMENT_3D('',#2899,#1896,#1897);
#1572=AXIS2_PLACEMENT_3D('',#2902,#1899,#1900);
#1573=AXIS2_PLACEMENT_3D('',#2903,#1901,#1902);
#1574=AXIS2_PLACEMENT_3D('',#2904,#1903,#1904);
#1575=AXIS2_PLACEMENT_3D('',#2908,#1907,#1908);
#1576=AXIS2_PLACEMENT_3D('',#2910,#1909,#1910);
#1577=AXIS2_PLACEMENT_3D('',#2912,#1912,#1913);
#1578=AXIS2_PLACEMENT_3D('',#2914,#1914,#1915);
#1579=AXIS2_PLACEMENT_3D('',#2916,#1917,#1918);
#1580=AXIS2_PLACEMENT_3D('',#2918,#1919,#1920);
#1581=AXIS2_PLACEMENT_3D('',#2920,#1922,#1923);
#1582=AXIS2_PLACEMENT_3D('',#2924,#1926,#1927);
#1583=AXIS2_PLACEMENT_3D('',#2926,#1928,#1929);
#1584=AXIS2_PLACEMENT_3D('',#2928,#1931,#1932);
#1585=AXIS2_PLACEMENT_3D('',#2930,#1933,#1934);
#1586=AXIS2_PLACEMENT_3D('',#2932,#1936,#1937);
#1587=AXIS2_PLACEMENT_3D('',#2933,#1938,#1939);
#1588=AXIS2_PLACEMENT_3D('',#2934,#1940,#1941);
#1589=AXIS2_PLACEMENT_3D('',#2937,#1942,#1943);
#1590=AXIS2_PLACEMENT_3D('',#2941,#1945,#1946);
#1591=AXIS2_PLACEMENT_3D('',#2943,#1948,#1949);
#1592=AXIS2_PLACEMENT_3D('',#2949,#1953,#1954);
#1593=AXIS2_PLACEMENT_3D('',#2951,#1955,#1956);
#1594=AXIS2_PLACEMENT_3D('',#2953,#1957,#1958);
#1595=AXIS2_PLACEMENT_3D('',#2955,#1960,#1961);
#1596=AXIS2_PLACEMENT_3D('',#2961,#1965,#1966);
#1597=AXIS2_PLACEMENT_3D('',#2963,#1967,#1968);
#1598=AXIS2_PLACEMENT_3D('',#2965,#1969,#1970);
#1599=AXIS2_PLACEMENT_3D('',#2967,#1972,#1973);
#1600=AXIS2_PLACEMENT_3D('',#2973,#1977,#1978);
#1601=AXIS2_PLACEMENT_3D('',#2975,#1979,#1980);
#1602=AXIS2_PLACEMENT_3D('',#2977,#1981,#1982);
#1603=AXIS2_PLACEMENT_3D('',#2979,#1984,#1985);
#1604=AXIS2_PLACEMENT_3D('',#2982,#1988,#1989);
#1605=AXIS2_PLACEMENT_3D('',#2983,#1990,#1991);
#1606=AXIS2_PLACEMENT_3D('',#2984,#1992,#1993);
#1607=AXIS2_PLACEMENT_3D('',#2986,#1994,#1995);
#1608=AXIS2_PLACEMENT_3D('',#2989,#1997,#1998);
#1609=AXIS2_PLACEMENT_3D('',#2990,#1999,#2000);
#1610=AXIS2_PLACEMENT_3D('',#2992,#2001,#2002);
#1611=AXIS2_PLACEMENT_3D('',#2995,#2004,#2005);
#1612=AXIS2_PLACEMENT_3D('',#2996,#2006,#2007);
#1613=AXIS2_PLACEMENT_3D('',#2997,#2008,#2009);
#1614=AXIS2_PLACEMENT_3D('',#2998,#2010,#2011);
#1615=AXIS2_PLACEMENT_3D('',#3000,#2012,#2013);
#1616=AXIS2_PLACEMENT_3D('',#3003,#2015,#2016);
#1617=AXIS2_PLACEMENT_3D('',#3004,#2017,#2018);
#1618=AXIS2_PLACEMENT_3D('',#3006,#2019,#2020);
#1619=AXIS2_PLACEMENT_3D('',#3009,#2022,#2023);
#1620=AXIS2_PLACEMENT_3D('',#3010,#2024,#2025);
#1621=AXIS2_PLACEMENT_3D('',#3011,#2026,#2027);
#1622=AXIS2_PLACEMENT_3D('',#3012,#2028,#2029);
#1623=AXIS2_PLACEMENT_3D('',#3014,#2030,#2031);
#1624=AXIS2_PLACEMENT_3D('',#3017,#2033,#2034);
#1625=AXIS2_PLACEMENT_3D('',#3018,#2035,#2036);
#1626=AXIS2_PLACEMENT_3D('',#3020,#2037,#2038);
#1627=AXIS2_PLACEMENT_3D('',#3023,#2040,#2041);
#1628=AXIS2_PLACEMENT_3D('',#3024,#2042,#2043);
#1629=AXIS2_PLACEMENT_3D('',#3025,#2044,#2045);
#1630=AXIS2_PLACEMENT_3D('',#3026,#2046,#2047);
#1631=AXIS2_PLACEMENT_3D('',#3028,#2048,#2049);
#1632=AXIS2_PLACEMENT_3D('',#3031,#2051,#2052);
#1633=AXIS2_PLACEMENT_3D('',#3032,#2053,#2054);
#1634=AXIS2_PLACEMENT_3D('',#3034,#2055,#2056);
#1635=AXIS2_PLACEMENT_3D('',#3037,#2058,#2059);
#1636=AXIS2_PLACEMENT_3D('',#3038,#2060,#2061);
#1637=AXIS2_PLACEMENT_3D('',#3039,#2062,#2063);
#1638=DIRECTION('axis',(0.,0.,1.));
#1639=DIRECTION('refdir',(1.,0.,0.));
#1640=DIRECTION('center_axis',(0.,0.,1.));
#1641=DIRECTION('ref_axis',(0.,-1.,0.));
#1642=DIRECTION('',(0.,1.,0.));
#1643=DIRECTION('',(1.,0.,0.));
#1644=DIRECTION('',(-2.42230478100034E-16,-1.,0.));
#1645=DIRECTION('',(1.,0.,0.));
#1646=DIRECTION('center_axis',(0.,1.,0.));
#1647=DIRECTION('ref_axis',(0.,0.,1.));
#1648=DIRECTION('',(0.,0.,-1.));
#1649=DIRECTION('',(0.,0.,1.));
#1650=DIRECTION('',(1.,0.,0.));
#1651=DIRECTION('center_axis',(0.,0.,-1.));
#1652=DIRECTION('ref_axis',(0.,1.,0.));
#1653=DIRECTION('',(0.,-1.,0.));
#1654=DIRECTION('',(2.42230478100034E-16,1.,0.));
#1655=DIRECTION('',(1.,0.,0.));
#1656=DIRECTION('center_axis',(0.,-1.,0.));
#1657=DIRECTION('ref_axis',(0.,0.,-1.));
#1658=DIRECTION('',(0.,0.,1.));
#1659=DIRECTION('',(0.,0.,-1.));
#1660=DIRECTION('center_axis',(0.,-1.,0.));
#1661=DIRECTION('ref_axis',(0.707106781186546,0.,-0.707106781186549));
#1662=DIRECTION('center_axis',(0.,1.,0.));
#1663=DIRECTION('ref_axis',(0.707106781186546,0.,-0.707106781186549));
#1664=DIRECTION('',(0.,-1.,0.));
#1665=DIRECTION('center_axis',(0.,-1.,0.));
#1666=DIRECTION('ref_axis',(0.707106781186546,0.,-0.707106781186549));
#1667=DIRECTION('',(0.,1.,0.));
#1668=DIRECTION('center_axis',(0.,0.,-1.));
#1669=DIRECTION('ref_axis',(1.,0.,0.));
#1670=DIRECTION('',(1.,0.,0.));
#1671=DIRECTION('',(0.,1.,0.));
#1672=DIRECTION('',(-1.,0.,0.));
#1673=DIRECTION('center_axis',(0.,-1.,0.));
#1674=DIRECTION('ref_axis',(-0.707106781186548,0.,-0.707106781186548));
#1675=DIRECTION('center_axis',(0.,1.,0.));
#1676=DIRECTION('ref_axis',(-0.707106781186548,0.,-0.707106781186548));
#1677=DIRECTION('',(0.,-1.,0.));
#1678=DIRECTION('center_axis',(0.,-1.,0.));
#1679=DIRECTION('ref_axis',(-0.707106781186548,0.,-0.707106781186548));
#1680=DIRECTION('center_axis',(-1.,0.,0.));
#1681=DIRECTION('ref_axis',(0.,0.,-1.));
#1682=DIRECTION('',(0.,0.,-1.));
#1683=DIRECTION('',(0.,1.,0.));
#1684=DIRECTION('',(0.,0.,1.));
#1685=DIRECTION('center_axis',(0.,-1.,0.));
#1686=DIRECTION('ref_axis',(-0.707106781186548,0.,0.707106781186547));
#1687=DIRECTION('center_axis',(0.,1.,0.));
#1688=DIRECTION('ref_axis',(-0.707106781186548,0.,0.707106781186547));
#1689=DIRECTION('',(0.,-1.,0.));
#1690=DIRECTION('center_axis',(0.,-1.,0.));
#1691=DIRECTION('ref_axis',(-0.707106781186548,0.,0.707106781186547));
#1692=DIRECTION('center_axis',(0.,0.,1.));
#1693=DIRECTION('ref_axis',(-1.,0.,0.));
#1694=DIRECTION('',(-1.,0.,0.));
#1695=DIRECTION('',(0.,1.,0.));
#1696=DIRECTION('',(1.,0.,0.));
#1697=DIRECTION('center_axis',(0.,-1.,0.));
#1698=DIRECTION('ref_axis',(0.707106781186547,0.,0.707106781186548));
#1699=DIRECTION('center_axis',(0.,1.,0.));
#1700=DIRECTION('ref_axis',(0.707106781186547,0.,0.707106781186548));
#1701=DIRECTION('',(0.,-1.,0.));
#1702=DIRECTION('center_axis',(0.,-1.,0.));
#1703=DIRECTION('ref_axis',(0.707106781186547,0.,0.707106781186548));
#1704=DIRECTION('center_axis',(1.,0.,0.));
#1705=DIRECTION('ref_axis',(0.,0.,1.));
#1706=DIRECTION('',(0.,0.,-1.));
#1707=DIRECTION('',(0.,0.,1.));
#1708=DIRECTION('center_axis',(-7.40148683083445E-16,7.40148683083445E-16,
1.));
#1709=DIRECTION('ref_axis',(0.,1.,-7.40148683083445E-16));
#1710=DIRECTION('center_axis',(-7.40148683083445E-16,-7.4014868308344E-16,
1.));
#1711=DIRECTION('ref_axis',(-1.,0.,-7.40148683083445E-16));
#1712=DIRECTION('center_axis',(-7.4014868308344E-16,-7.40148683083436E-16,
1.));
#1713=DIRECTION('ref_axis',(-1.,0.,-7.4014868308344E-16));
#1714=DIRECTION('center_axis',(0.,0.,1.));
#1715=DIRECTION('ref_axis',(0.,-1.,0.));
#1716=DIRECTION('center_axis',(7.4014868308344E-16,-7.40148683083454E-16,
1.));
#1717=DIRECTION('ref_axis',(-1.18423789293351E-14,-1.,-7.40148683083445E-16));
#1718=DIRECTION('center_axis',(7.40148683083445E-16,7.40148683083454E-16,
1.));
#1719=DIRECTION('ref_axis',(1.,0.,-7.40148683083445E-16));
#1720=DIRECTION('center_axis',(7.4014868308344E-16,7.40148683083436E-16,
1.));
#1721=DIRECTION('ref_axis',(1.,0.,-7.4014868308344E-16));
#1722=DIRECTION('center_axis',(0.,0.,1.));
#1723=DIRECTION('ref_axis',(0.,1.,0.));
#1724=DIRECTION('center_axis',(0.,0.,1.));
#1725=DIRECTION('ref_axis',(1.,0.,0.));
#1726=DIRECTION('center_axis',(0.,0.,1.));
#1727=DIRECTION('ref_axis',(0.707106781186548,-0.707106781186548,0.));
#1728=DIRECTION('center_axis',(0.,0.,-1.));
#1729=DIRECTION('ref_axis',(0.707106781186548,-0.707106781186548,0.));
#1730=DIRECTION('center_axis',(1.,0.,0.));
#1731=DIRECTION('ref_axis',(0.,0.707106781186547,-0.707106781186547));
#1732=DIRECTION('',(-1.,0.,0.));
#1733=DIRECTION('',(1.,0.,0.));
#1734=DIRECTION('center_axis',(0.,0.,1.));
#1735=DIRECTION('ref_axis',(1.,0.,0.));
#1736=DIRECTION('center_axis',(0.,0.,-1.));
#1737=DIRECTION('ref_axis',(-0.707106781186548,-0.707106781186548,0.));
#1738=DIRECTION('center_axis',(0.,0.,1.));
#1739=DIRECTION('ref_axis',(-0.707106781186548,-0.707106781186548,0.));
#1740=DIRECTION('center_axis',(0.,-1.,0.));
#1741=DIRECTION('ref_axis',(0.707106781186547,0.,-0.707106781186547));
#1742=DIRECTION('',(0.,1.,0.));
#1743=DIRECTION('',(0.,-1.,0.));
#1744=DIRECTION('center_axis',(0.,0.,1.));
#1745=DIRECTION('ref_axis',(1.,0.,0.));
#1746=DIRECTION('center_axis',(0.,0.,-1.));
#1747=DIRECTION('ref_axis',(-0.707106781186547,0.707106781186547,0.));
#1748=DIRECTION('center_axis',(0.,0.,1.));
#1749=DIRECTION('ref_axis',(-0.707106781186548,0.707106781186548,0.));
#1750=DIRECTION('center_axis',(-1.,0.,0.));
#1751=DIRECTION('ref_axis',(0.,-0.707106781186547,-0.707106781186547));
#1752=DIRECTION('',(1.,0.,0.));
#1753=DIRECTION('',(-1.,0.,0.));
#1754=DIRECTION('center_axis',(0.,0.,1.));
#1755=DIRECTION('ref_axis',(1.,0.,0.));
#1756=DIRECTION('center_axis',(0.,0.,-1.));
#1757=DIRECTION('ref_axis',(0.707106781186549,0.707106781186546,0.));
#1758=DIRECTION('center_axis',(0.,0.,1.));
#1759=DIRECTION('ref_axis',(0.707106781186549,0.707106781186546,0.));
#1760=DIRECTION('center_axis',(0.,1.,0.));
#1761=DIRECTION('ref_axis',(-0.707106781186547,0.,-0.707106781186547));
#1762=DIRECTION('',(0.,-1.,0.));
#1763=DIRECTION('',(0.,1.,0.));
#1764=DIRECTION('center_axis',(0.,-1.,0.));
#1765=DIRECTION('ref_axis',(-1.,0.,0.));
#1766=DIRECTION('',(0.,0.,-1.));
#1767=DIRECTION('',(-1.,0.,0.));
#1768=DIRECTION('',(0.,0.,-1.));
#1769=DIRECTION('',(-1.,0.,0.));
#1770=DIRECTION('',(-1.09651656753102E-16,0.,-1.));
#1771=DIRECTION('',(1.,0.,0.));
#1772=DIRECTION('',(0.,0.,1.));
#1773=DIRECTION('center_axis',(0.,-1.,0.));
#1774=DIRECTION('ref_axis',(1.,0.,0.));
#1775=DIRECTION('center_axis',(0.,-1.,0.));
#1776=DIRECTION('ref_axis',(1.,0.,0.));
#1777=DIRECTION('center_axis',(0.,-1.,0.));
#1778=DIRECTION('ref_axis',(1.,0.,0.));
#1779=DIRECTION('center_axis',(0.,-1.,0.));
#1780=DIRECTION('ref_axis',(1.,0.,0.));
#1781=DIRECTION('center_axis',(0.,-1.,0.));
#1782=DIRECTION('ref_axis',(1.,0.,0.));
#1783=DIRECTION('center_axis',(0.,-1.,0.));
#1784=DIRECTION('ref_axis',(1.,0.,0.));
#1785=DIRECTION('center_axis',(0.,0.,-1.));
#1786=DIRECTION('ref_axis',(-1.,0.,0.));
#1787=DIRECTION('',(0.,0.,-1.));
#1788=DIRECTION('center_axis',(0.,0.,-1.));
#1789=DIRECTION('ref_axis',(-1.,0.,0.));
#1790=DIRECTION('center_axis',(0.,0.,-1.));
#1791=DIRECTION('ref_axis',(-1.,0.,0.));
#1792=DIRECTION('',(0.,0.,-1.));
#1793=DIRECTION('center_axis',(0.,0.,1.));
#1794=DIRECTION('ref_axis',(-1.,0.,0.));
#1795=DIRECTION('center_axis',(0.,0.,-1.));
#1796=DIRECTION('ref_axis',(-1.,0.,0.));
#1797=DIRECTION('',(0.,0.,-1.));
#1798=DIRECTION('center_axis',(0.,0.,-1.));
#1799=DIRECTION('ref_axis',(-1.,0.,0.));
#1800=DIRECTION('center_axis',(-1.,0.,0.));
#1801=DIRECTION('ref_axis',(0.,1.,0.));
#1802=DIRECTION('',(0.,0.,-1.));
#1803=DIRECTION('',(0.,1.,0.));
#1804=DIRECTION('center_axis',(0.,0.,-1.));
#1805=DIRECTION('ref_axis',(-1.,0.,0.));
#1806=DIRECTION('',(0.,0.,-1.));
#1807=DIRECTION('center_axis',(0.,0.,-1.));
#1808=DIRECTION('ref_axis',(-1.,0.,0.));
#1809=DIRECTION('center_axis',(0.,0.,-1.));
#1810=DIRECTION('ref_axis',(-1.,0.,0.));
#1811=DIRECTION('',(0.,0.,-1.));
#1812=DIRECTION('center_axis',(0.,0.,1.));
#1813=DIRECTION('ref_axis',(-1.,0.,0.));
#1814=DIRECTION('center_axis',(0.,0.,-1.));
#1815=DIRECTION('ref_axis',(-1.,0.,0.));
#1816=DIRECTION('',(0.,0.,-1.));
#1817=DIRECTION('center_axis',(0.,0.,-1.));
#1818=DIRECTION('ref_axis',(-1.,0.,0.));
#1819=DIRECTION('center_axis',(0.,0.,1.));
#1820=DIRECTION('ref_axis',(-1.,0.,0.));
#1821=DIRECTION('center_axis',(0.,0.,1.));
#1822=DIRECTION('ref_axis',(1.,0.,0.));
#1823=DIRECTION('',(1.,-6.83214169000096E-17,0.));
#1824=DIRECTION('',(0.,1.,0.));
#1825=DIRECTION('',(0.,1.,0.));
#1826=DIRECTION('center_axis',(-1.,0.,1.09651656753102E-16));
#1827=DIRECTION('ref_axis',(1.09651656753102E-16,0.,1.));
#1828=DIRECTION('',(1.09651656753102E-16,-7.49155655480543E-33,1.));
#1829=DIRECTION('',(0.,1.,0.));
#1830=DIRECTION('center_axis',(0.,0.,-1.));
#1831=DIRECTION('ref_axis',(-1.,0.,0.));
#1832=DIRECTION('',(-1.,6.83214169000096E-17,0.));
#1833=DIRECTION('',(0.,1.,0.));
#1834=DIRECTION('center_axis',(1.,0.,0.));
#1835=DIRECTION('ref_axis',(0.,0.,-1.));
#1836=DIRECTION('',(0.,0.,-1.));
#1837=DIRECTION('center_axis',(0.,1.,0.));
#1838=DIRECTION('ref_axis',(1.,0.,0.));
#1839=DIRECTION('center_axis',(6.83214169000096E-17,1.,0.));
#1840=DIRECTION('ref_axis',(1.,0.,0.));
#1841=DIRECTION('',(0.,1.,0.));
#1842=DIRECTION('center_axis',(0.,1.,0.));
#1843=DIRECTION('ref_axis',(1.,0.,0.));
#1844=DIRECTION('center_axis',(6.83214169000096E-17,1.,0.));
#1845=DIRECTION('ref_axis',(1.,0.,0.));
#1846=DIRECTION('',(0.,1.,0.));
#1847=DIRECTION('center_axis',(0.,1.,0.));
#1848=DIRECTION('ref_axis',(1.,0.,0.));
#1849=DIRECTION('center_axis',(6.83214169000096E-17,1.,0.));
#1850=DIRECTION('ref_axis',(1.,0.,0.));
#1851=DIRECTION('',(0.,1.,0.));
#1852=DIRECTION('center_axis',(0.,1.,0.));
#1853=DIRECTION('ref_axis',(1.,0.,0.));
#1854=DIRECTION('center_axis',(6.83214169000096E-17,1.,0.));
#1855=DIRECTION('ref_axis',(1.,0.,0.));
#1856=DIRECTION('',(0.,1.,0.));
#1857=DIRECTION('center_axis',(0.,1.,0.));
#1858=DIRECTION('ref_axis',(1.,0.,0.));
#1859=DIRECTION('center_axis',(6.83214169000096E-17,1.,0.));
#1860=DIRECTION('ref_axis',(1.,0.,0.));
#1861=DIRECTION('',(0.,1.,0.));
#1862=DIRECTION('center_axis',(0.,1.,0.));
#1863=DIRECTION('ref_axis',(1.,0.,0.));
#1864=DIRECTION('center_axis',(6.83214169000096E-17,1.,0.));
#1865=DIRECTION('ref_axis',(1.,0.,0.));
#1866=DIRECTION('',(0.,1.,0.));
#1867=DIRECTION('center_axis',(0.,0.,-1.));
#1868=DIRECTION('ref_axis',(-1.,0.,0.));
#1869=DIRECTION('center_axis',(0.,0.,-1.));
#1870=DIRECTION('ref_axis',(-1.,0.,0.));
#1871=DIRECTION('',(0.,0.,-1.));
#1872=DIRECTION('center_axis',(0.,0.,-1.));
#1873=DIRECTION('ref_axis',(-1.,0.,0.));
#1874=DIRECTION('center_axis',(0.,0.,1.));
#1875=DIRECTION('ref_axis',(-1.,0.,0.));
#1876=DIRECTION('center_axis',(0.,0.,-1.));
#1877=DIRECTION('ref_axis',(-1.,0.,0.));
#1878=DIRECTION('center_axis',(0.,0.,-1.));
#1879=DIRECTION('ref_axis',(-1.,0.,0.));
#1880=DIRECTION('',(0.,0.,-1.));
#1881=DIRECTION('center_axis',(0.,0.,-1.));
#1882=DIRECTION('ref_axis',(-1.,0.,0.));
#1883=DIRECTION('center_axis',(0.,0.,1.));
#1884=DIRECTION('ref_axis',(-1.,0.,0.));
#1885=DIRECTION('center_axis',(0.,0.,-1.));
#1886=DIRECTION('ref_axis',(-1.,0.,0.));
#1887=DIRECTION('center_axis',(0.,0.,-1.));
#1888=DIRECTION('ref_axis',(-1.,0.,0.));
#1889=DIRECTION('',(0.,0.,-1.));
#1890=DIRECTION('center_axis',(0.,0.,-1.));
#1891=DIRECTION('ref_axis',(-1.,0.,0.));
#1892=DIRECTION('center_axis',(0.,0.,1.));
#1893=DIRECTION('ref_axis',(-1.,0.,0.));
#1894=DIRECTION('center_axis',(0.,0.,-1.));
#1895=DIRECTION('ref_axis',(-1.,0.,0.));
#1896=DIRECTION('center_axis',(0.,0.,-1.));
#1897=DIRECTION('ref_axis',(-1.,0.,0.));
#1898=DIRECTION('',(0.,0.,-1.));
#1899=DIRECTION('center_axis',(0.,0.,-1.));
#1900=DIRECTION('ref_axis',(-1.,0.,0.));
#1901=DIRECTION('center_axis',(0.,0.,1.));
#1902=DIRECTION('ref_axis',(-1.,0.,0.));
#1903=DIRECTION('center_axis',(0.,1.,0.));
#1904=DIRECTION('ref_axis',(1.,0.,0.));
#1905=DIRECTION('',(0.,0.,-1.));
#1906=DIRECTION('',(1.,0.,0.));
#1907=DIRECTION('center_axis',(0.,0.,-1.));
#1908=DIRECTION('ref_axis',(-1.,0.,0.));
#1909=DIRECTION('center_axis',(0.,0.,-1.));
#1910=DIRECTION('ref_axis',(-1.,0.,0.));
#1911=DIRECTION('',(0.,0.,-1.));
#1912=DIRECTION('center_axis',(0.,0.,-1.));
#1913=DIRECTION('ref_axis',(-1.,0.,0.));
#1914=DIRECTION('center_axis',(0.,0.,1.));
#1915=DIRECTION('ref_axis',(-1.,0.,0.));
#1916=DIRECTION('',(0.,0.,-1.));
#1917=DIRECTION('center_axis',(0.,0.,-1.));
#1918=DIRECTION('ref_axis',(-1.,0.,0.));
#1919=DIRECTION('center_axis',(0.,0.,-1.));
#1920=DIRECTION('ref_axis',(-1.,0.,0.));
#1921=DIRECTION('',(0.,0.,-1.));
#1922=DIRECTION('center_axis',(1.,0.,0.));
#1923=DIRECTION('ref_axis',(0.,-1.,0.));
#1924=DIRECTION('',(0.,-1.,0.));
#1925=DIRECTION('',(0.,0.,-1.));
#1926=DIRECTION('center_axis',(0.,0.,-1.));
#1927=DIRECTION('ref_axis',(-1.,0.,0.));
#1928=DIRECTION('center_axis',(0.,0.,-1.));
#1929=DIRECTION('ref_axis',(-1.,0.,0.));
#1930=DIRECTION('',(0.,0.,-1.));
#1931=DIRECTION('center_axis',(0.,0.,-1.));
#1932=DIRECTION('ref_axis',(-1.,0.,0.));
#1933=DIRECTION('center_axis',(0.,0.,1.));
#1934=DIRECTION('ref_axis',(-1.,0.,0.));
#1935=DIRECTION('',(0.,0.,-1.));
#1936=DIRECTION('center_axis',(0.,0.,-1.));
#1937=DIRECTION('ref_axis',(-1.,0.,0.));
#1938=DIRECTION('center_axis',(0.,0.,-1.));
#1939=DIRECTION('ref_axis',(-1.,0.,0.));
#1940=DIRECTION('center_axis',(0.,0.,1.));
#1941=DIRECTION('ref_axis',(1.,0.,0.));
#1942=DIRECTION('center_axis',(0.,0.,1.));
#1943=DIRECTION('ref_axis',(1.,0.,0.));
#1944=DIRECTION('',(0.,0.,1.));
#1945=DIRECTION('center_axis',(0.,0.,1.));
#1946=DIRECTION('ref_axis',(1.,0.,0.));
#1947=DIRECTION('',(0.,0.,1.));
#1948=DIRECTION('center_axis',(1.,8.07434927000114E-17,0.));
#1949=DIRECTION('ref_axis',(-8.07434927000114E-17,1.,0.));
#1950=DIRECTION('',(-8.07434927000114E-17,1.,0.));
#1951=DIRECTION('',(-8.07434927000114E-17,1.,0.));
#1952=DIRECTION('',(0.,0.,1.));
#1953=DIRECTION('center_axis',(0.,0.,1.));
#1954=DIRECTION('ref_axis',(1.,0.,0.));
#1955=DIRECTION('center_axis',(0.,0.,1.));
#1956=DIRECTION('ref_axis',(1.,0.,0.));
#1957=DIRECTION('center_axis',(0.,0.,1.));
#1958=DIRECTION('ref_axis',(1.,0.,0.));
#1959=DIRECTION('',(0.,0.,1.));
#1960=DIRECTION('center_axis',(-6.83214169000096E-17,-1.,0.));
#1961=DIRECTION('ref_axis',(1.,-6.83214169000096E-17,0.));
#1962=DIRECTION('',(1.,-6.83214169000096E-17,0.));
#1963=DIRECTION('',(1.,-6.83214169000096E-17,0.));
#1964=DIRECTION('',(0.,0.,1.));
#1965=DIRECTION('center_axis',(0.,0.,1.));
#1966=DIRECTION('ref_axis',(1.,0.,0.));
#1967=DIRECTION('center_axis',(0.,0.,1.));
#1968=DIRECTION('ref_axis',(1.,0.,0.));
#1969=DIRECTION('center_axis',(0.,0.,1.));
#1970=DIRECTION('ref_axis',(1.,0.,0.));
#1971=DIRECTION('',(0.,0.,1.));
#1972=DIRECTION('center_axis',(-1.,2.42230478100034E-16,0.));
#1973=DIRECTION('ref_axis',(-2.42230478100034E-16,-1.,0.));
#1974=DIRECTION('',(-2.42230478100034E-16,-1.,0.));
#1975=DIRECTION('',(-2.42230478100034E-16,-1.,0.));
#1976=DIRECTION('',(0.,0.,1.));
#1977=DIRECTION('center_axis',(0.,0.,1.));
#1978=DIRECTION('ref_axis',(1.,0.,0.));
#1979=DIRECTION('center_axis',(0.,0.,1.));
#1980=DIRECTION('ref_axis',(1.,0.,0.));
#1981=DIRECTION('center_axis',(0.,0.,1.));
#1982=DIRECTION('ref_axis',(1.,0.,0.));
#1983=DIRECTION('',(0.,0.,1.));
#1984=DIRECTION('center_axis',(0.,1.,0.));
#1985=DIRECTION('ref_axis',(-1.,0.,0.));
#1986=DIRECTION('',(-1.,0.,0.));
#1987=DIRECTION('',(-1.,0.,0.));
#1988=DIRECTION('center_axis',(0.,0.,1.));
#1989=DIRECTION('ref_axis',(1.,0.,0.));
#1990=DIRECTION('center_axis',(0.,0.,1.));
#1991=DIRECTION('ref_axis',(1.,0.,0.));
#1992=DIRECTION('center_axis',(0.,0.,1.));
#1993=DIRECTION('ref_axis',(-1.,0.,0.));
#1994=DIRECTION('center_axis',(0.,0.,-1.));
#1995=DIRECTION('ref_axis',(-1.,0.,0.));
#1996=DIRECTION('',(0.,0.,-1.));
#1997=DIRECTION('center_axis',(0.,0.,-1.));
#1998=DIRECTION('ref_axis',(-1.,0.,0.));
#1999=DIRECTION('center_axis',(0.,0.,1.));
#2000=DIRECTION('ref_axis',(-1.,0.,0.));
#2001=DIRECTION('center_axis',(0.,0.,1.));
#2002=DIRECTION('ref_axis',(-1.,0.,0.));
#2003=DIRECTION('',(0.,0.,-1.));
#2004=DIRECTION('center_axis',(0.,0.,1.));
#2005=DIRECTION('ref_axis',(-1.,0.,0.));
#2006=DIRECTION('center_axis',(0.,0.,1.));
#2007=DIRECTION('ref_axis',(-1.,0.,0.));
#2008=DIRECTION('center_axis',(0.,0.,1.));
#2009=DIRECTION('ref_axis',(-1.,0.,0.));
#2010=DIRECTION('center_axis',(0.,0.,1.));
#2011=DIRECTION('ref_axis',(-1.,0.,0.));
#2012=DIRECTION('center_axis',(0.,0.,-1.));
#2013=DIRECTION('ref_axis',(-1.,0.,0.));
#2014=DIRECTION('',(0.,0.,-1.));
#2015=DIRECTION('center_axis',(0.,0.,-1.));
#2016=DIRECTION('ref_axis',(-1.,0.,0.));
#2017=DIRECTION('center_axis',(0.,0.,1.));
#2018=DIRECTION('ref_axis',(-1.,0.,0.));
#2019=DIRECTION('center_axis',(0.,0.,1.));
#2020=DIRECTION('ref_axis',(-1.,0.,0.));
#2021=DIRECTION('',(0.,0.,-1.));
#2022=DIRECTION('center_axis',(0.,0.,1.));
#2023=DIRECTION('ref_axis',(-1.,0.,0.));
#2024=DIRECTION('center_axis',(0.,0.,1.));
#2025=DIRECTION('ref_axis',(-1.,0.,0.));
#2026=DIRECTION('center_axis',(0.,0.,1.));
#2027=DIRECTION('ref_axis',(-1.,0.,0.));
#2028=DIRECTION('center_axis',(0.,0.,1.));
#2029=DIRECTION('ref_axis',(-1.,0.,0.));
#2030=DIRECTION('center_axis',(0.,0.,-1.));
#2031=DIRECTION('ref_axis',(-1.,0.,0.));
#2032=DIRECTION('',(0.,0.,-1.));
#2033=DIRECTION('center_axis',(0.,0.,-1.));
#2034=DIRECTION('ref_axis',(-1.,0.,0.));
#2035=DIRECTION('center_axis',(0.,0.,1.));
#2036=DIRECTION('ref_axis',(-1.,0.,0.));
#2037=DIRECTION('center_axis',(0.,0.,1.));
#2038=DIRECTION('ref_axis',(-1.,0.,0.));
#2039=DIRECTION('',(0.,0.,-1.));
#2040=DIRECTION('center_axis',(0.,0.,1.));
#2041=DIRECTION('ref_axis',(-1.,0.,0.));
#2042=DIRECTION('center_axis',(0.,0.,1.));
#2043=DIRECTION('ref_axis',(-1.,0.,0.));
#2044=DIRECTION('center_axis',(0.,0.,1.));
#2045=DIRECTION('ref_axis',(-1.,0.,0.));
#2046=DIRECTION('center_axis',(0.,0.,1.));
#2047=DIRECTION('ref_axis',(-1.,0.,0.));
#2048=DIRECTION('center_axis',(0.,0.,-1.));
#2049=DIRECTION('ref_axis',(-1.,0.,0.));
#2050=DIRECTION('',(0.,0.,-1.));
#2051=DIRECTION('center_axis',(0.,0.,-1.));
#2052=DIRECTION('ref_axis',(-1.,0.,0.));
#2053=DIRECTION('center_axis',(0.,0.,1.));
#2054=DIRECTION('ref_axis',(-1.,0.,0.));
#2055=DIRECTION('center_axis',(0.,0.,1.));
#2056=DIRECTION('ref_axis',(-1.,0.,0.));
#2057=DIRECTION('',(0.,0.,-1.));
#2058=DIRECTION('center_axis',(0.,0.,1.));
#2059=DIRECTION('ref_axis',(-1.,0.,0.));
#2060=DIRECTION('center_axis',(0.,0.,1.));
#2061=DIRECTION('ref_axis',(-1.,0.,0.));
#2062=DIRECTION('center_axis',(0.,0.,1.));
#2063=DIRECTION('ref_axis',(-1.,0.,0.));
#2064=CARTESIAN_POINT('',(0.,0.,0.));
#2065=CARTESIAN_POINT('Origin',(-65.0000000000011,-26.3999999999997,26.75));
#2066=CARTESIAN_POINT('',(-63.0000000000011,-39.4999999999997,26.75));
#2067=CARTESIAN_POINT('',(-63.0000000000011,-26.3999999999997,26.75));
#2068=CARTESIAN_POINT('',(-63.0000000000011,-36.6999999487954,26.75));
#2069=CARTESIAN_POINT('',(-65.0000000000011,-39.4999999999997,26.75));
#2070=CARTESIAN_POINT('',(-65.0000000000011,-39.4999999999997,26.75));
#2071=CARTESIAN_POINT('',(-65.0000000000011,-26.3999999999997,26.75));
#2072=CARTESIAN_POINT('',(-65.0000000000011,12.5500000000002,26.75));
#2073=CARTESIAN_POINT('',(-65.0000000000011,-26.3999999999997,26.75));
#2074=CARTESIAN_POINT('Origin',(-65.0000000000011,-26.3999999999997,8.));
#2075=CARTESIAN_POINT('',(-63.0000000000011,-26.3999999999997,8.));
#2076=CARTESIAN_POINT('',(-63.0000000000011,-26.3999999999997,41.5));
#2077=CARTESIAN_POINT('',(-65.0000000000011,-26.3999999999997,8.));
#2078=CARTESIAN_POINT('',(-65.0000000000011,-26.3999999999997,4.));
#2079=CARTESIAN_POINT('',(-65.0000000000011,-26.3999999999997,8.));
#2080=CARTESIAN_POINT('Origin',(-65.0000000000011,-39.4999999999997,8.));
#2081=CARTESIAN_POINT('',(-63.0000000000011,-39.4999999999997,8.));
#2082=CARTESIAN_POINT('',(-63.0000000000011,-43.2499999487954,8.));
#2083=CARTESIAN_POINT('',(-65.0000000000011,-39.4999999999997,8.));
#2084=CARTESIAN_POINT('',(-65.0000000000011,6.00000000000017,8.));
#2085=CARTESIAN_POINT('',(-65.0000000000011,-39.4999999999997,8.));
#2086=CARTESIAN_POINT('Origin',(-65.0000000000011,-39.4999999999997,26.75));
#2087=CARTESIAN_POINT('',(-63.0000000000011,-39.4999999999997,50.875));
#2088=CARTESIAN_POINT('',(-65.0000000000011,-39.4999999999997,13.375));
#2089=CARTESIAN_POINT('Origin',(44.4999999999989,55.,15.));
#2090=CARTESIAN_POINT('',(46.4999999999989,55.,15.));
#2091=CARTESIAN_POINT('',(44.4999999999989,55.,13.));
#2092=CARTESIAN_POINT('Origin',(44.4999999999989,55.,15.));
#2093=CARTESIAN_POINT('',(44.4999999999989,53.,13.));
#2094=CARTESIAN_POINT('',(44.4999999999989,55.,13.));
#2095=CARTESIAN_POINT('',(46.4999999999989,53.,15.));
#2096=CARTESIAN_POINT('Origin',(44.4999999999989,53.,15.));
#2097=CARTESIAN_POINT('',(46.4999999999989,55.,15.));
#2098=CARTESIAN_POINT('Origin',(34.4999999999989,55.,13.));
#2099=CARTESIAN_POINT('',(36.4999999999989,55.,13.));
#2100=CARTESIAN_POINT('',(47.9999999999989,55.,13.));
#2101=CARTESIAN_POINT('',(36.4999999999989,53.,13.));
#2102=CARTESIAN_POINT('',(36.4999999999989,55.,13.));
#2103=CARTESIAN_POINT('',(-11.2500000000011,53.,13.));
#2104=CARTESIAN_POINT('Origin',(36.4999999999989,55.,15.));
#2105=CARTESIAN_POINT('',(34.4999999999989,55.,15.));
#2106=CARTESIAN_POINT('Origin',(36.4999999999989,55.,15.));
#2107=CARTESIAN_POINT('',(34.4999999999989,53.,15.));
#2108=CARTESIAN_POINT('',(34.4999999999989,55.,15.));
#2109=CARTESIAN_POINT('Origin',(36.4999999999989,53.,15.));
#2110=CARTESIAN_POINT('Origin',(34.4999999999989,55.,21.));
#2111=CARTESIAN_POINT('',(34.4999999999989,55.,19.));
#2112=CARTESIAN_POINT('',(34.4999999999989,55.,10.5));
#2113=CARTESIAN_POINT('',(34.4999999999989,53.,19.));
#2114=CARTESIAN_POINT('',(34.4999999999989,55.,19.));
#2115=CARTESIAN_POINT('',(34.4999999999989,53.,48.));
#2116=CARTESIAN_POINT('Origin',(36.4999999999989,55.,19.));
#2117=CARTESIAN_POINT('',(36.4999999999989,55.,21.));
#2118=CARTESIAN_POINT('Origin',(36.4999999999989,55.,19.));
#2119=CARTESIAN_POINT('',(36.4999999999989,53.,21.));
#2120=CARTESIAN_POINT('',(36.4999999999989,55.,21.));
#2121=CARTESIAN_POINT('Origin',(36.4999999999989,53.,19.));
#2122=CARTESIAN_POINT('Origin',(46.4999999999989,55.,21.));
#2123=CARTESIAN_POINT('',(44.4999999999989,55.,21.));
#2124=CARTESIAN_POINT('',(53.9999999999989,55.,21.));
#2125=CARTESIAN_POINT('',(44.4999999999989,53.,21.));
#2126=CARTESIAN_POINT('',(44.4999999999989,55.,21.));
#2127=CARTESIAN_POINT('',(-5.2500000000011,53.,21.));
#2128=CARTESIAN_POINT('Origin',(44.4999999999989,55.,19.));
#2129=CARTESIAN_POINT('',(46.4999999999989,55.,19.));
#2130=CARTESIAN_POINT('Origin',(44.4999999999989,55.,19.));
#2131=CARTESIAN_POINT('',(46.4999999999989,53.,19.));
#2132=CARTESIAN_POINT('',(46.4999999999989,55.,19.));
#2133=CARTESIAN_POINT('Origin',(44.4999999999989,53.,19.));
#2134=CARTESIAN_POINT('Origin',(46.4999999999989,55.,13.));
#2135=CARTESIAN_POINT('',(46.4999999999989,53.,44.));
#2136=CARTESIAN_POINT('',(46.4999999999989,55.,6.5));
#2137=CARTESIAN_POINT('Ctrl Pts',(-58.0000000000011,44.3062527150309,1.99999999999999));
#2138=CARTESIAN_POINT('Ctrl Pts',(-58.0039131718493,44.3079662157745,1.99999999999999));
#2139=CARTESIAN_POINT('Ctrl Pts',(-58.0078241133032,44.3096798372784,2.00000476996806));
#2140=CARTESIAN_POINT('Ctrl Pts',(-58.7591419129929,44.6387690514357,2.0017198029439));
#2141=CARTESIAN_POINT('Ctrl Pts',(-59.73886895977,45.100052789642,2.22923932898518));
#2142=CARTESIAN_POINT('Ctrl Pts',(-61.023967532784,45.7740828292642,2.96444122438109));
#2143=CARTESIAN_POINT('Ctrl Pts',(-61.7789877189192,46.2075428101851,3.65475898065597));
#2144=CARTESIAN_POINT('Ctrl Pts',(-62.3713529390519,46.5774840420763,4.52869850083356));
#2145=CARTESIAN_POINT('Ctrl Pts',(-62.720502100235,46.8070609935672,5.28208016002169));
#2146=CARTESIAN_POINT('Ctrl Pts',(-62.9461695738222,46.9621128217155,6.11135927261459));
#2147=CARTESIAN_POINT('Ctrl Pts',(-63.0000000000011,47.,6.70627579532348));
#2148=CARTESIAN_POINT('Ctrl Pts',(-63.0000000000011,47.,6.99999999999999));
#2149=CARTESIAN_POINT('Ctrl Pts',(-58.0000000000011,44.3062527150309,1.99999999999999));
#2150=CARTESIAN_POINT('Ctrl Pts',(-58.0037860628632,44.3081652642417,2.00001385517376));
#2151=CARTESIAN_POINT('Ctrl Pts',(-58.0075736966534,44.3100837314466,1.99999070528662));
#2152=CARTESIAN_POINT('Ctrl Pts',(-58.7346823966321,44.6778739932594,2.0022570162324));
#2153=CARTESIAN_POINT('Ctrl Pts',(-59.6762770727851,45.1924349551662,2.21258082970788));
#2154=CARTESIAN_POINT('Ctrl Pts',(-60.9278547799059,45.9565359184875,2.89646595415203));
#2155=CARTESIAN_POINT('Ctrl Pts',(-61.6797236720895,46.4581918068895,3.54474227555256));
#2156=CARTESIAN_POINT('Ctrl Pts',(-62.2973621123135,46.9046474173895,4.39679930226947));
#2157=CARTESIAN_POINT('Ctrl Pts',(-62.6774328658867,47.1928801436481,5.15821845229948));
#2158=CARTESIAN_POINT('Ctrl Pts',(-62.9359158317531,47.3969948512457,6.03196547859429));
#2159=CARTESIAN_POINT('Ctrl Pts',(-63.0002212313377,47.4490627845106,6.67997144246122));
#2160=CARTESIAN_POINT('Ctrl Pts',(-63.0000000000011,47.4487989505128,6.99999999999999));
#2161=CARTESIAN_POINT('Ctrl Pts',(-58.0000000000011,44.3062527150309,1.99999999999999));
#2162=CARTESIAN_POINT('Ctrl Pts',(-58.003558439249,44.3085190349125,2.00002103779143));
#2163=CARTESIAN_POINT('Ctrl Pts',(-58.007140326329,44.3107856292888,1.99998329897395));
#2164=CARTESIAN_POINT('Ctrl Pts',(-58.6917666573867,44.746210883298,2.00249397499645));
#2165=CARTESIAN_POINT('Ctrl Pts',(-59.5667421722564,45.3542072386865,2.20025060108653));
#2166=CARTESIAN_POINT('Ctrl Pts',(-60.7155128785762,46.2756328849847,2.84378204541478));
#2167=CARTESIAN_POINT('Ctrl Pts',(-61.4001553472364,46.8961348577909,3.45661423809043));
#2168=CARTESIAN_POINT('Ctrl Pts',(-61.9650963730792,47.4745887959409,4.28636992908926));
#2169=CARTESIAN_POINT('Ctrl Pts',(-62.3169384149301,47.8631321580519,5.05101135468712));
#2170=CARTESIAN_POINT('Ctrl Pts',(-62.5613045404911,48.1503610179699,5.96136745592882));
#2171=CARTESIAN_POINT('Ctrl Pts',(-62.6235135670412,48.2260458859891,6.65651143379275));
#2172=CARTESIAN_POINT('Ctrl Pts',(-62.6230912709526,48.2255419738175,6.99999999999999));
#2173=CARTESIAN_POINT('Ctrl Pts',(-58.0000000000011,44.3062527150309,1.99999999999999));
#2174=CARTESIAN_POINT('Ctrl Pts',(-58.0033406428485,44.3088706358933,2.00001039138032));
#2175=CARTESIAN_POINT('Ctrl Pts',(-58.0066975929791,44.3114898273187,1.99999422145698));
#2176=CARTESIAN_POINT('Ctrl Pts',(-58.6490637787128,44.8143827725567,2.00212271291028));
#2177=CARTESIAN_POINT('Ctrl Pts',(-59.4569096527133,45.517011062904,2.21674545452722));
#2178=CARTESIAN_POINT('Ctrl Pts',(-60.4557372976047,46.5502338387428,2.91345977170932));
#2179=CARTESIAN_POINT('Ctrl Pts',(-61.009511139532,47.2208288650861,3.57224645182844));
#2180=CARTESIAN_POINT('Ctrl Pts',(-61.4197581950416,47.805869900224,4.42977410191054));
#2181=CARTESIAN_POINT('Ctrl Pts',(-61.6535977300099,48.1772390532099,5.18918387923009));
#2182=CARTESIAN_POINT('Ctrl Pts',(-61.8014921753536,48.4353950567981,6.05181392709941));
#2183=CARTESIAN_POINT('Ctrl Pts',(-61.8367575316977,48.5002244666363,6.68654753067688));
#2184=CARTESIAN_POINT('Ctrl Pts',(-61.8365992128857,48.5,6.99999999999999));
#2185=CARTESIAN_POINT('Ctrl Pts',(-58.0000000000011,44.3062527150309,1.99999999999999));
#2186=CARTESIAN_POINT('Ctrl Pts',(-58.0032528240999,44.3090218546254,1.99999999999999));
#2187=CARTESIAN_POINT('Ctrl Pts',(-58.0065025324668,44.311791143109,2.00000476996806));
#2188=CARTESIAN_POINT('Ctrl Pts',(-58.6309348474233,44.8436042675575,2.0017198029439));
#2189=CARTESIAN_POINT('Ctrl Pts',(-59.4095128799274,45.5869109195175,2.22923932898519));
#2190=CARTESIAN_POINT('Ctrl Pts',(-60.3406680974821,46.6543115661268,2.96444122438112));
#2191=CARTESIAN_POINT('Ctrl Pts',(-60.8357541924915,47.3268064800602,3.65475898065601));
#2192=CARTESIAN_POINT('Ctrl Pts',(-61.1799492803387,47.8840229652594,4.5286985008336));
#2193=CARTESIAN_POINT('Ctrl Pts',(-61.3654505982996,48.2223478216699,5.28208016002175));
#2194=CARTESIAN_POINT('Ctrl Pts',(-61.4751969829862,48.4460522023677,6.11135927261463));
#2195=CARTESIAN_POINT('Ctrl Pts',(-61.5000000000011,48.5,6.70627579532357));
#2196=CARTESIAN_POINT('Ctrl Pts',(-61.5000000000011,48.5,6.99999999999999));
#2197=CARTESIAN_POINT('',(-61.5000000000011,48.5,6.99999999999999));
#2198=CARTESIAN_POINT('',(-63.0000000000011,47.,6.99999999999999));
#2199=CARTESIAN_POINT('Origin',(-61.5000000000011,47.,6.99999999999999));
#2200=CARTESIAN_POINT('',(-58.0000000000011,44.3062527150309,1.99999999999999));
#2201=CARTESIAN_POINT('Ctrl Pts',(-63.0000000000011,47.,6.99999999999999));
#2202=CARTESIAN_POINT('Ctrl Pts',(-63.0000000000011,47.,6.70627579532348));
#2203=CARTESIAN_POINT('Ctrl Pts',(-62.9461695738222,46.9621128217155,6.11135927261459));
#2204=CARTESIAN_POINT('Ctrl Pts',(-62.720502100235,46.8070609935672,5.28208016002169));
#2205=CARTESIAN_POINT('Ctrl Pts',(-62.3713529390519,46.5774840420763,4.52869850083356));
#2206=CARTESIAN_POINT('Ctrl Pts',(-61.7789877189192,46.2075428101851,3.65475898065597));
#2207=CARTESIAN_POINT('Ctrl Pts',(-61.023967532784,45.7740828292642,2.96444122438109));
#2208=CARTESIAN_POINT('Ctrl Pts',(-59.73886895977,45.100052789642,2.22923932898518));
#2209=CARTESIAN_POINT('Ctrl Pts',(-58.7591419129929,44.6387690514357,2.0017198029439));
#2210=CARTESIAN_POINT('Ctrl Pts',(-58.0078241133032,44.3096798372784,2.00000476996806));
#2211=CARTESIAN_POINT('Ctrl Pts',(-58.0039131718493,44.3079662157745,1.99999999999999));
#2212=CARTESIAN_POINT('Ctrl Pts',(-58.0000000000011,44.3062527150309,1.99999999999999));
#2213=CARTESIAN_POINT('Ctrl Pts',(-58.0000000000011,44.3062527150309,1.99999999999999));
#2214=CARTESIAN_POINT('Ctrl Pts',(-58.0032528240999,44.3090218546254,1.99999999999999));
#2215=CARTESIAN_POINT('Ctrl Pts',(-58.0065025324668,44.311791143109,2.00000476996806));
#2216=CARTESIAN_POINT('Ctrl Pts',(-58.6309348474233,44.8436042675575,2.0017198029439));
#2217=CARTESIAN_POINT('Ctrl Pts',(-59.4095128799274,45.5869109195175,2.22923932898519));
#2218=CARTESIAN_POINT('Ctrl Pts',(-60.3406680974821,46.6543115661268,2.96444122438112));
#2219=CARTESIAN_POINT('Ctrl Pts',(-60.8357541924915,47.3268064800602,3.65475898065601));
#2220=CARTESIAN_POINT('Ctrl Pts',(-61.1799492803387,47.8840229652594,4.5286985008336));
#2221=CARTESIAN_POINT('Ctrl Pts',(-61.3654505982996,48.2223478216699,5.28208016002175));
#2222=CARTESIAN_POINT('Ctrl Pts',(-61.4751969829862,48.4460522023677,6.11135927261463));
#2223=CARTESIAN_POINT('Ctrl Pts',(-61.5000000000011,48.5,6.70627579532357));
#2224=CARTESIAN_POINT('Ctrl Pts',(-61.5000000000011,48.5,6.99999999999999));
#2225=CARTESIAN_POINT('Ctrl Pts',(-58.0000000000011,-44.3062527150309,1.99999999999999));
#2226=CARTESIAN_POINT('Ctrl Pts',(-58.0032528241001,-44.3090218546252,1.99999999999999));
#2227=CARTESIAN_POINT('Ctrl Pts',(-58.0065039997887,-44.3117912122033,2.00000448989932));
#2228=CARTESIAN_POINT('Ctrl Pts',(-58.4236068455406,-44.6672427199844,2.00120299821688));
#2229=CARTESIAN_POINT('Ctrl Pts',(-59.2211820345081,-45.3971914026948,2.15438817680976));
#2230=CARTESIAN_POINT('Ctrl Pts',(-60.2178389603227,-46.486546756167,2.79381378382244));
#2231=CARTESIAN_POINT('Ctrl Pts',(-60.9591493330655,-47.4922446049961,3.8271406024791));
#2232=CARTESIAN_POINT('Ctrl Pts',(-61.4023316898551,-48.2781907602026,5.23664951335595));
#2233=CARTESIAN_POINT('Ctrl Pts',(-61.5000000000011,-48.5,6.41255159064696));
#2234=CARTESIAN_POINT('Ctrl Pts',(-61.5000000000011,-48.5,6.99999999999999));
#2235=CARTESIAN_POINT('Ctrl Pts',(-58.0000000000011,-44.3062527150309,1.99999999999999));
#2236=CARTESIAN_POINT('Ctrl Pts',(-58.0033804259309,-44.3088238899531,1.99999975193864));
#2237=CARTESIAN_POINT('Ctrl Pts',(-58.0067537205527,-44.3113857305769,2.00000429464471));
#2238=CARTESIAN_POINT('Ctrl Pts',(-58.4401406575871,-44.6412184078227,2.00118042858203));
#2239=CARTESIAN_POINT('Ctrl Pts',(-59.2735790232932,-45.3175892073873,2.14410757187268));
#2240=CARTESIAN_POINT('Ctrl Pts',(-60.3520845325313,-46.3493180798066,2.73633170340246));
#2241=CARTESIAN_POINT('Ctrl Pts',(-61.2097147974766,-47.3489147011071,3.70675507402584));
#2242=CARTESIAN_POINT('Ctrl Pts',(-61.7923838440224,-48.2152366804345,5.09312551696685));
#2243=CARTESIAN_POINT('Ctrl Pts',(-61.9499858351588,-48.5019594604745,6.3564263070666));
#2244=CARTESIAN_POINT('Ctrl Pts',(-61.9487989505139,-48.5,6.99999999999999));
#2245=CARTESIAN_POINT('Ctrl Pts',(-58.0000000000011,-44.3062527150309,1.99999999999999));
#2246=CARTESIAN_POINT('Ctrl Pts',(-58.0036027825137,-44.3084743800072,1.9999990535334));
#2247=CARTESIAN_POINT('Ctrl Pts',(-58.0071917951006,-44.3106793799859,2.00000471409927));
#2248=CARTESIAN_POINT('Ctrl Pts',(-58.4689891698114,-44.595533090467,2.00111440629356));
#2249=CARTESIAN_POINT('Ctrl Pts',(-59.364683763468,-45.1787425532221,2.13670300456795));
#2250=CARTESIAN_POINT('Ctrl Pts',(-60.5774135201041,-46.0810216610789,2.69240959233613));
#2251=CARTESIAN_POINT('Ctrl Pts',(-61.623727203791,-46.9800640208307,3.61073157933832));
#2252=CARTESIAN_POINT('Ctrl Pts',(-62.4551803321665,-47.8169121862516,4.96806113596698));
#2253=CARTESIAN_POINT('Ctrl Pts',(-62.7277337875835,-48.1258961503106,6.30672213134685));
#2254=CARTESIAN_POINT('Ctrl Pts',(-62.7255419738186,-48.1230912709514,6.99999999999999));
#2255=CARTESIAN_POINT('Ctrl Pts',(-58.0000000000011,-44.3062527150309,1.99999999999999));
#2256=CARTESIAN_POINT('Ctrl Pts',(-58.0038207316781,-44.3081190588243,1.99999981395398));
#2257=CARTESIAN_POINT('Ctrl Pts',(-58.0076345056979,-44.3099792963833,2.00000434345836));
#2258=CARTESIAN_POINT('Ctrl Pts',(-58.497592052254,-44.5494429269916,2.00118607099072));
#2259=CARTESIAN_POINT('Ctrl Pts',(-59.4567271149381,-45.0410906315563,2.14667772310695));
#2260=CARTESIAN_POINT('Ctrl Pts',(-60.7652259569303,-45.7905985267471,2.75070222350744));
#2261=CARTESIAN_POINT('Ctrl Pts',(-61.8893640691727,-46.5136197162341,3.73685145613916));
#2262=CARTESIAN_POINT('Ctrl Pts',(-62.746375815799,-47.135055313452,5.12900651606409));
#2263=CARTESIAN_POINT('Ctrl Pts',(-63.0010595182829,-47.3376095494408,6.37045762796167));
#2264=CARTESIAN_POINT('Ctrl Pts',(-63.0000000000011,-47.3365992128846,6.99999999999999));
#2265=CARTESIAN_POINT('Ctrl Pts',(-58.0000000000011,-44.3062527150309,1.99999999999999));
#2266=CARTESIAN_POINT('Ctrl Pts',(-58.0039131718494,-44.3079662157742,1.99999999999999));
#2267=CARTESIAN_POINT('Ctrl Pts',(-58.0078252644135,-44.3096799059953,2.00000448989932));
#2268=CARTESIAN_POINT('Ctrl Pts',(-58.5097957252169,-44.529630393273,2.00120299821685));
#2269=CARTESIAN_POINT('Ctrl Pts',(-59.4963358801305,-44.9820604836973,2.15438817680976));
#2270=CARTESIAN_POINT('Ctrl Pts',(-60.836244271594,-45.6660614567689,2.79381378382242));
#2271=CARTESIAN_POINT('Ctrl Pts',(-61.9651509613432,-46.3135938277612,3.82714060247911));
#2272=CARTESIAN_POINT('Ctrl Pts',(-62.7804173651608,-46.843169185776,5.23664951335592));
#2273=CARTESIAN_POINT('Ctrl Pts',(-63.0000000000011,-47.,6.41255159064694));
#2274=CARTESIAN_POINT('Ctrl Pts',(-63.0000000000011,-47.,6.99999999999999));
#2275=CARTESIAN_POINT('',(-63.0000000000011,-47.,6.99999999999999));
#2276=CARTESIAN_POINT('',(-61.5000000000011,-48.5,6.99999999999999));
#2277=CARTESIAN_POINT('Origin',(-61.5000000000011,-47.,6.99999999999999));
#2278=CARTESIAN_POINT('',(-58.0000000000011,-44.3062527150309,1.99999999999999));
#2279=CARTESIAN_POINT('Ctrl Pts',(-61.5000000000011,-48.5,6.99999999999999));
#2280=CARTESIAN_POINT('Ctrl Pts',(-61.5000000000011,-48.5,6.41255159064696));
#2281=CARTESIAN_POINT('Ctrl Pts',(-61.4023316898551,-48.2781907602026,5.23664951335595));
#2282=CARTESIAN_POINT('Ctrl Pts',(-60.9591493330655,-47.4922446049961,3.8271406024791));
#2283=CARTESIAN_POINT('Ctrl Pts',(-60.2178389603227,-46.486546756167,2.79381378382244));
#2284=CARTESIAN_POINT('Ctrl Pts',(-59.2211820345081,-45.3971914026948,2.15438817680976));
#2285=CARTESIAN_POINT('Ctrl Pts',(-58.4236068455406,-44.6672427199844,2.00120299821688));
#2286=CARTESIAN_POINT('Ctrl Pts',(-58.0065039997887,-44.3117912122033,2.00000448989932));
#2287=CARTESIAN_POINT('Ctrl Pts',(-58.0032528241001,-44.3090218546252,1.99999999999999));
#2288=CARTESIAN_POINT('Ctrl Pts',(-58.0000000000011,-44.3062527150309,1.99999999999999));
#2289=CARTESIAN_POINT('Ctrl Pts',(-58.0000000000011,-44.3062527150309,1.99999999999999));
#2290=CARTESIAN_POINT('Ctrl Pts',(-58.0039131718494,-44.3079662157742,1.99999999999999));
#2291=CARTESIAN_POINT('Ctrl Pts',(-58.0078252644135,-44.3096799059953,2.00000448989932));
#2292=CARTESIAN_POINT('Ctrl Pts',(-58.5097957252169,-44.529630393273,2.00120299821685));
#2293=CARTESIAN_POINT('Ctrl Pts',(-59.4963358801305,-44.9820604836973,2.15438817680976));
#2294=CARTESIAN_POINT('Ctrl Pts',(-60.836244271594,-45.6660614567689,2.79381378382242));
#2295=CARTESIAN_POINT('Ctrl Pts',(-61.9651509613432,-46.3135938277612,3.82714060247911));
#2296=CARTESIAN_POINT('Ctrl Pts',(-62.7804173651608,-46.843169185776,5.23664951335592));
#2297=CARTESIAN_POINT('Ctrl Pts',(-63.0000000000011,-47.,6.41255159064694));
#2298=CARTESIAN_POINT('Ctrl Pts',(-63.0000000000011,-47.,6.99999999999999));
#2299=CARTESIAN_POINT('Ctrl Pts',(-54.306252715032,-48.,1.99999999999999));
#2300=CARTESIAN_POINT('Ctrl Pts',(-54.3079662157755,-48.0039131718484,1.99999999999999));
#2301=CARTESIAN_POINT('Ctrl Pts',(-54.3096799059964,-48.0078252644123,2.00000448989932));
#2302=CARTESIAN_POINT('Ctrl Pts',(-54.5296303932792,-48.5097957252251,2.00120299821683));
#2303=CARTESIAN_POINT('Ctrl Pts',(-54.982060483699,-49.4963358801304,2.15438817680975));
#2304=CARTESIAN_POINT('Ctrl Pts',(-55.6660614567719,-50.8362442715963,2.7938137838224));
#2305=CARTESIAN_POINT('Ctrl Pts',(-56.3135938277628,-51.965150961343,3.82714060247908));
#2306=CARTESIAN_POINT('Ctrl Pts',(-56.8431691857777,-52.7804173651606,5.23664951335593));
#2307=CARTESIAN_POINT('Ctrl Pts',(-57.0000000000011,-53.,6.41255159064696));
#2308=CARTESIAN_POINT('Ctrl Pts',(-57.0000000000011,-53.,6.99999999999999));
#2309=CARTESIAN_POINT('Ctrl Pts',(-54.306252715032,-48.,1.99999999999999));
#2310=CARTESIAN_POINT('Ctrl Pts',(-54.3081700065089,-48.0037899182868,1.99999975193864));
#2311=CARTESIAN_POINT('Ctrl Pts',(-54.3100790931804,-48.0075709194581,2.00000429464471));
#2312=CARTESIAN_POINT('Ctrl Pts',(-54.5560471049041,-48.4935241612746,2.00118042858199));
#2313=CARTESIAN_POINT('Ctrl Pts',(-55.060767347511,-49.4435241932072,2.14410757187267));
#2314=CARTESIAN_POINT('Ctrl Pts',(-55.8321108834095,-50.741553185378,2.73633170340242));
#2315=CARTESIAN_POINT('Ctrl Pts',(-56.5802950123934,-51.8641017717823,3.70675507402581));
#2316=CARTESIAN_POINT('Ctrl Pts',(-57.2323506893457,-52.7350286326782,5.09312551696682));
#2317=CARTESIAN_POINT('Ctrl Pts',(-57.4501460659223,-53.0014126910424,6.3564263070666));
#2318=CARTESIAN_POINT('Ctrl Pts',(-57.448798950514,-53.,6.99999999999999));
#2319=CARTESIAN_POINT('Ctrl Pts',(-54.306252715032,-48.,1.99999999999999));
#2320=CARTESIAN_POINT('Ctrl Pts',(-54.3085245484874,-48.003571433329,1.9999990535334));
#2321=CARTESIAN_POINT('Ctrl Pts',(-54.3107800726328,-48.0071287445707,2.00000471409927));
#2322=CARTESIAN_POINT('Ctrl Pts',(-54.6020493689869,-48.4649061572025,2.00111440629354));
#2323=CARTESIAN_POINT('Ctrl Pts',(-55.1984722223352,-49.3517246940281,2.13670300456795));
#2324=CARTESIAN_POINT('Ctrl Pts',(-56.122391562634,-50.5463628950958,2.69240959233609));
#2325=CARTESIAN_POINT('Ctrl Pts',(-57.0459202088775,-51.56808765097,3.61073157933831));
#2326=CARTESIAN_POINT('Ctrl Pts',(-57.9090943460025,-52.3669322423981,4.96806113596696));
#2327=CARTESIAN_POINT('Ctrl Pts',(-58.2284424151104,-52.6255050058314,6.30672213134687));
#2328=CARTESIAN_POINT('Ctrl Pts',(-58.2255419738186,-52.6230912709514,6.99999999999999));
#2329=CARTESIAN_POINT('Ctrl Pts',(-54.306252715032,-48.,1.99999999999999));
#2330=CARTESIAN_POINT('Ctrl Pts',(-54.3088733811224,-48.0033485254722,1.99999981395398));
#2331=CARTESIAN_POINT('Ctrl Pts',(-54.3114871009846,-48.0066912903606,2.00000434345836));
#2332=CARTESIAN_POINT('Ctrl Pts',(-54.6477244858696,-48.4360072045832,2.0011860709907));
#2333=CARTESIAN_POINT('Ctrl Pts',(-55.337489756216,-49.2604797760968,2.14667772310695));
#2334=CARTESIAN_POINT('Ctrl Pts',(-56.3836252488997,-50.3185231394812,2.7507022235074));
#2335=CARTESIAN_POINT('Ctrl Pts',(-57.384747177081,-51.1470734313736,3.73685145613915));
#2336=CARTESIAN_POINT('Ctrl Pts',(-58.2309752003782,-51.6948708054803,5.12900651606407));
#2337=CARTESIAN_POINT('Ctrl Pts',(-58.501469595357,-51.8374893763682,6.3704576279617));
#2338=CARTESIAN_POINT('Ctrl Pts',(-58.5000000000011,-51.8365992128846,6.99999999999999));
#2339=CARTESIAN_POINT('Ctrl Pts',(-54.306252715032,-48.,1.99999999999999));
#2340=CARTESIAN_POINT('Ctrl Pts',(-54.3090218546265,-48.0032528240991,1.99999999999999));
#2341=CARTESIAN_POINT('Ctrl Pts',(-54.3117912122044,-48.0065039997876,2.00000448989932));
#2342=CARTESIAN_POINT('Ctrl Pts',(-54.6672427199908,-48.4236068455483,2.00120299821683));
#2343=CARTESIAN_POINT('Ctrl Pts',(-55.3971914026966,-49.2211820345079,2.15438817680976));
#2344=CARTESIAN_POINT('Ctrl Pts',(-56.4865467561701,-50.2178389603247,2.79381378382239));
#2345=CARTESIAN_POINT('Ctrl Pts',(-57.4922446049978,-50.9591493330652,3.8271406024791));
#2346=CARTESIAN_POINT('Ctrl Pts',(-58.2781907602043,-51.4023316898549,5.2366495133559));
#2347=CARTESIAN_POINT('Ctrl Pts',(-58.5000000000011,-51.5,6.41255159064697));
#2348=CARTESIAN_POINT('Ctrl Pts',(-58.5000000000011,-51.5,6.99999999999999));
#2349=CARTESIAN_POINT('',(-58.5000000000011,-51.5,6.99999999999999));
#2350=CARTESIAN_POINT('',(-57.0000000000011,-53.,6.99999999999999));
#2351=CARTESIAN_POINT('Origin',(-57.0000000000011,-51.5,6.99999999999999));
#2352=CARTESIAN_POINT('',(-54.306252715032,-48.,1.99999999999999));
#2353=CARTESIAN_POINT('Ctrl Pts',(-57.0000000000011,-53.,6.99999999999999));
#2354=CARTESIAN_POINT('Ctrl Pts',(-57.0000000000011,-53.,6.41255159064696));
#2355=CARTESIAN_POINT('Ctrl Pts',(-56.8431691857777,-52.7804173651606,5.23664951335593));
#2356=CARTESIAN_POINT('Ctrl Pts',(-56.3135938277628,-51.965150961343,3.82714060247908));
#2357=CARTESIAN_POINT('Ctrl Pts',(-55.6660614567719,-50.8362442715963,2.7938137838224));
#2358=CARTESIAN_POINT('Ctrl Pts',(-54.982060483699,-49.4963358801304,2.15438817680975));
#2359=CARTESIAN_POINT('Ctrl Pts',(-54.5296303932792,-48.5097957252251,2.00120299821683));
#2360=CARTESIAN_POINT('Ctrl Pts',(-54.3096799059964,-48.0078252644123,2.00000448989932));
#2361=CARTESIAN_POINT('Ctrl Pts',(-54.3079662157755,-48.0039131718484,1.99999999999999));
#2362=CARTESIAN_POINT('Ctrl Pts',(-54.306252715032,-48.,1.99999999999999));
#2363=CARTESIAN_POINT('Ctrl Pts',(-54.306252715032,-48.,1.99999999999999));
#2364=CARTESIAN_POINT('Ctrl Pts',(-54.3090218546265,-48.0032528240991,1.99999999999999));
#2365=CARTESIAN_POINT('Ctrl Pts',(-54.3117912122044,-48.0065039997876,2.00000448989932));
#2366=CARTESIAN_POINT('Ctrl Pts',(-54.6672427199908,-48.4236068455483,2.00120299821683));
#2367=CARTESIAN_POINT('Ctrl Pts',(-55.3971914026966,-49.2211820345079,2.15438817680976));
#2368=CARTESIAN_POINT('Ctrl Pts',(-56.4865467561701,-50.2178389603247,2.79381378382239));
#2369=CARTESIAN_POINT('Ctrl Pts',(-57.4922446049978,-50.9591493330652,3.8271406024791));
#2370=CARTESIAN_POINT('Ctrl Pts',(-58.2781907602043,-51.4023316898549,5.2366495133559));
#2371=CARTESIAN_POINT('Ctrl Pts',(-58.5000000000011,-51.5,6.41255159064697));
#2372=CARTESIAN_POINT('Ctrl Pts',(-58.5000000000011,-51.5,6.99999999999999));
#2373=CARTESIAN_POINT('Ctrl Pts',(54.306252715032,-48.,1.99999999999999));
#2374=CARTESIAN_POINT('Ctrl Pts',(54.3090218546265,-48.0032528240988,1.99999999999999));
#2375=CARTESIAN_POINT('Ctrl Pts',(54.3117912122045,-48.0065039997875,2.00000448989932));
#2376=CARTESIAN_POINT('Ctrl Pts',(54.6672427199811,-48.4236068455405,2.00120299821683));
#2377=CARTESIAN_POINT('Ctrl Pts',(55.3971914026955,-49.2211820345071,2.15438817680973));
#2378=CARTESIAN_POINT('Ctrl Pts',(56.4865467561665,-50.2178389603219,2.79381378382238));
#2379=CARTESIAN_POINT('Ctrl Pts',(57.4922446049968,-50.9591493330645,3.82714060247907));
#2380=CARTESIAN_POINT('Ctrl Pts',(58.2781907602032,-51.4023316898541,5.23664951335594));
#2381=CARTESIAN_POINT('Ctrl Pts',(58.5000000000011,-51.5,6.41255159064696));
#2382=CARTESIAN_POINT('Ctrl Pts',(58.5000000000011,-51.5,6.99999999999999));
#2383=CARTESIAN_POINT('Ctrl Pts',(54.306252715032,-48.,1.99999999999999));
#2384=CARTESIAN_POINT('Ctrl Pts',(54.3088238899544,-48.0033804259296,1.99999975193864));
#2385=CARTESIAN_POINT('Ctrl Pts',(54.3113857305781,-48.0067537205515,2.00000429464471));
#2386=CARTESIAN_POINT('Ctrl Pts',(54.6412184078195,-48.4401406575869,2.00118042858199));
#2387=CARTESIAN_POINT('Ctrl Pts',(55.317589207388,-49.2735790232922,2.14410757187265));
#2388=CARTESIAN_POINT('Ctrl Pts',(56.3493180798061,-50.3520845325305,2.7363317034024));
#2389=CARTESIAN_POINT('Ctrl Pts',(57.3489147011077,-51.2097147974756,3.7067550740258));
#2390=CARTESIAN_POINT('Ctrl Pts',(58.2152366804351,-51.7923838440214,5.09312551696684));
#2391=CARTESIAN_POINT('Ctrl Pts',(58.5019594604756,-51.9499858351576,6.3564263070666));
#2392=CARTESIAN_POINT('Ctrl Pts',(58.5000000000011,-51.9487989505128,6.99999999999999));
#2393=CARTESIAN_POINT('Ctrl Pts',(54.306252715032,-48.,1.99999999999999));
#2394=CARTESIAN_POINT('Ctrl Pts',(54.3084743800086,-48.0036027825124,1.9999990535334));
#2395=CARTESIAN_POINT('Ctrl Pts',(54.3106793799871,-48.0071917950993,2.00000471409927));
#2396=CARTESIAN_POINT('Ctrl Pts',(54.5955330904642,-48.4689891698127,2.00111440629353));
#2397=CARTESIAN_POINT('Ctrl Pts',(55.1787425532228,-49.3646837634672,2.13670300456793));
#2398=CARTESIAN_POINT('Ctrl Pts',(56.0810216610786,-50.5774135201039,2.6924095923361));
#2399=CARTESIAN_POINT('Ctrl Pts',(56.9800640208314,-51.6237272037901,3.6107315793383));
#2400=CARTESIAN_POINT('Ctrl Pts',(57.8169121862523,-52.4551803321657,4.96806113596702));
#2401=CARTESIAN_POINT('Ctrl Pts',(58.1258961503117,-52.7277337875823,6.30672213134687));
#2402=CARTESIAN_POINT('Ctrl Pts',(58.1230912709525,-52.7255419738174,6.99999999999999));
#2403=CARTESIAN_POINT('Ctrl Pts',(54.306252715032,-48.,1.99999999999999));
#2404=CARTESIAN_POINT('Ctrl Pts',(54.3081190588257,-48.0038207316769,1.99999981395398));
#2405=CARTESIAN_POINT('Ctrl Pts',(54.3099792963845,-48.0076345056966,2.00000434345836));
#2406=CARTESIAN_POINT('Ctrl Pts',(54.5494429269891,-48.4975920522561,2.00118607099069));
#2407=CARTESIAN_POINT('Ctrl Pts',(55.041090631557,-49.4567271149373,2.14667772310693));
#2408=CARTESIAN_POINT('Ctrl Pts',(55.7905985267469,-50.7652259569304,2.75070222350741));
#2409=CARTESIAN_POINT('Ctrl Pts',(56.5136197162349,-51.8893640691719,3.73685145613914));
#2410=CARTESIAN_POINT('Ctrl Pts',(57.1350553134527,-52.7463758157982,5.12900651606417));
#2411=CARTESIAN_POINT('Ctrl Pts',(57.3376095494419,-53.0010595182818,6.3704576279617));
#2412=CARTESIAN_POINT('Ctrl Pts',(57.3365992128857,-53.,6.99999999999999));
#2413=CARTESIAN_POINT('Ctrl Pts',(54.306252715032,-48.,1.99999999999999));
#2414=CARTESIAN_POINT('Ctrl Pts',(54.3079662157756,-48.0039131718481,1.99999999999999));
#2415=CARTESIAN_POINT('Ctrl Pts',(54.3096799059964,-48.0078252644122,2.00000448989932));
#2416=CARTESIAN_POINT('Ctrl Pts',(54.5296303932704,-48.509795725219,2.00120299821682));
#2417=CARTESIAN_POINT('Ctrl Pts',(54.982060483698,-49.4963358801297,2.15438817680973));
#2418=CARTESIAN_POINT('Ctrl Pts',(55.6660614567687,-50.8362442715941,2.7938137838224));
#2419=CARTESIAN_POINT('Ctrl Pts',(56.3135938277619,-51.9651509613424,3.8271406024791));
#2420=CARTESIAN_POINT('Ctrl Pts',(56.8431691857767,-52.78041736516,5.23664951335599));
#2421=CARTESIAN_POINT('Ctrl Pts',(57.0000000000011,-53.,6.41255159064697));
#2422=CARTESIAN_POINT('Ctrl Pts',(57.0000000000011,-53.,6.99999999999999));
#2423=CARTESIAN_POINT('',(57.0000000000011,-53.,6.99999999999999));
#2424=CARTESIAN_POINT('',(58.5000000000011,-51.5,6.99999999999999));
#2425=CARTESIAN_POINT('Origin',(57.0000000000011,-51.5,6.99999999999999));
#2426=CARTESIAN_POINT('',(54.306252715032,-48.,1.99999999999999));
#2427=CARTESIAN_POINT('Ctrl Pts',(58.5000000000011,-51.5,6.99999999999999));
#2428=CARTESIAN_POINT('Ctrl Pts',(58.5000000000011,-51.5,6.41255159064696));
#2429=CARTESIAN_POINT('Ctrl Pts',(58.2781907602032,-51.4023316898541,5.23664951335594));
#2430=CARTESIAN_POINT('Ctrl Pts',(57.4922446049968,-50.9591493330645,3.82714060247907));
#2431=CARTESIAN_POINT('Ctrl Pts',(56.4865467561665,-50.2178389603219,2.79381378382238));
#2432=CARTESIAN_POINT('Ctrl Pts',(55.3971914026955,-49.2211820345071,2.15438817680973));
#2433=CARTESIAN_POINT('Ctrl Pts',(54.6672427199811,-48.4236068455405,2.00120299821683));
#2434=CARTESIAN_POINT('Ctrl Pts',(54.3117912122045,-48.0065039997875,2.00000448989932));
#2435=CARTESIAN_POINT('Ctrl Pts',(54.3090218546265,-48.0032528240988,1.99999999999999));
#2436=CARTESIAN_POINT('Ctrl Pts',(54.306252715032,-48.,1.99999999999999));
#2437=CARTESIAN_POINT('Ctrl Pts',(54.306252715032,-48.,1.99999999999999));
#2438=CARTESIAN_POINT('Ctrl Pts',(54.3079662157756,-48.0039131718481,1.99999999999999));
#2439=CARTESIAN_POINT('Ctrl Pts',(54.3096799059964,-48.0078252644122,2.00000448989932));
#2440=CARTESIAN_POINT('Ctrl Pts',(54.5296303932704,-48.509795725219,2.00120299821682));
#2441=CARTESIAN_POINT('Ctrl Pts',(54.982060483698,-49.4963358801297,2.15438817680973));
#2442=CARTESIAN_POINT('Ctrl Pts',(55.6660614567687,-50.8362442715941,2.7938137838224));
#2443=CARTESIAN_POINT('Ctrl Pts',(56.3135938277619,-51.9651509613424,3.8271406024791));
#2444=CARTESIAN_POINT('Ctrl Pts',(56.8431691857767,-52.78041736516,5.23664951335599));
#2445=CARTESIAN_POINT('Ctrl Pts',(57.0000000000011,-53.,6.41255159064697));
#2446=CARTESIAN_POINT('Ctrl Pts',(57.0000000000011,-53.,6.99999999999999));
#2447=CARTESIAN_POINT('Ctrl Pts',(58.0000000000011,-44.3062527150309,1.99999999999999));
#2448=CARTESIAN_POINT('Ctrl Pts',(58.0039131718493,-44.3079662157745,1.99999999999999));
#2449=CARTESIAN_POINT('Ctrl Pts',(58.0078241133033,-44.3096798372784,2.00000476996806));
#2450=CARTESIAN_POINT('Ctrl Pts',(58.7591419129923,-44.6387690514346,2.00171980294384));
#2451=CARTESIAN_POINT('Ctrl Pts',(59.7388689597699,-45.1000527896419,2.22923932898517));
#2452=CARTESIAN_POINT('Ctrl Pts',(61.0239675327839,-45.7740828292639,2.96444122438107));
#2453=CARTESIAN_POINT('Ctrl Pts',(61.7789877189191,-46.207542810185,3.65475898065596));
#2454=CARTESIAN_POINT('Ctrl Pts',(62.3713529390519,-46.5774840420762,4.52869850083354));
#2455=CARTESIAN_POINT('Ctrl Pts',(62.720502100235,-46.8070609935671,5.28208016002169));
#2456=CARTESIAN_POINT('Ctrl Pts',(62.9461695738222,-46.9621128217155,6.11135927261458));
#2457=CARTESIAN_POINT('Ctrl Pts',(63.0000000000011,-47.,6.70627579532347));
#2458=CARTESIAN_POINT('Ctrl Pts',(63.0000000000011,-47.,6.99999999999999));
#2459=CARTESIAN_POINT('Ctrl Pts',(58.0000000000011,-44.3062527150309,1.99999999999999));
#2460=CARTESIAN_POINT('Ctrl Pts',(58.0037860628632,-44.3081652642417,2.00001385517376));
#2461=CARTESIAN_POINT('Ctrl Pts',(58.0075736966535,-44.3100837314466,1.99999070528662));
#2462=CARTESIAN_POINT('Ctrl Pts',(58.7346823966315,-44.6778739932583,2.00225701623235));
#2463=CARTESIAN_POINT('Ctrl Pts',(59.676277072785,-45.1924349551661,2.21258082970787));
#2464=CARTESIAN_POINT('Ctrl Pts',(60.9278547799057,-45.9565359184872,2.89646595415201));
#2465=CARTESIAN_POINT('Ctrl Pts',(61.6797236720894,-46.4581918068895,3.54474227555255));
#2466=CARTESIAN_POINT('Ctrl Pts',(62.2973621123135,-46.9046474173894,4.39679930226945));
#2467=CARTESIAN_POINT('Ctrl Pts',(62.6774328658867,-47.1928801436481,5.15821845229948));
#2468=CARTESIAN_POINT('Ctrl Pts',(62.9359158317531,-47.3969948512457,6.03196547859427));
#2469=CARTESIAN_POINT('Ctrl Pts',(63.0002212313377,-47.4490627845106,6.67997144246121));
#2470=CARTESIAN_POINT('Ctrl Pts',(63.0000000000011,-47.4487989505128,6.99999999999999));
#2471=CARTESIAN_POINT('Ctrl Pts',(58.0000000000011,-44.3062527150309,1.99999999999999));
#2472=CARTESIAN_POINT('Ctrl Pts',(58.003558439249,-44.3085190349125,2.00002103779143));
#2473=CARTESIAN_POINT('Ctrl Pts',(58.0071403263291,-44.3107856292888,1.99998329897395));
#2474=CARTESIAN_POINT('Ctrl Pts',(58.691766657386,-44.7462108832963,2.00249397499641));
#2475=CARTESIAN_POINT('Ctrl Pts',(59.5667421722564,-45.3542072386864,2.20025060108652));
#2476=CARTESIAN_POINT('Ctrl Pts',(60.715512878576,-46.2756328849842,2.84378204541474));
#2477=CARTESIAN_POINT('Ctrl Pts',(61.4001553472364,-46.8961348577907,3.4566142380904));
#2478=CARTESIAN_POINT('Ctrl Pts',(61.9650963730792,-47.4745887959407,4.2863699290892));
#2479=CARTESIAN_POINT('Ctrl Pts',(62.3169384149301,-47.8631321580519,5.05101135468709));
#2480=CARTESIAN_POINT('Ctrl Pts',(62.5613045404911,-48.1503610179699,5.96136745592878));
#2481=CARTESIAN_POINT('Ctrl Pts',(62.6235135670412,-48.2260458859892,6.65651143379269));
#2482=CARTESIAN_POINT('Ctrl Pts',(62.6230912709526,-48.2255419738175,6.99999999999999));
#2483=CARTESIAN_POINT('Ctrl Pts',(58.0000000000011,-44.3062527150309,1.99999999999999));
#2484=CARTESIAN_POINT('Ctrl Pts',(58.0033406428485,-44.3088706358933,2.00001039138032));
#2485=CARTESIAN_POINT('Ctrl Pts',(58.0066975929792,-44.3114898273187,1.99999422145698));
#2486=CARTESIAN_POINT('Ctrl Pts',(58.6490637787121,-44.8143827725545,2.00212271291025));
#2487=CARTESIAN_POINT('Ctrl Pts',(59.4569096527133,-45.5170110629038,2.21674545452721));
#2488=CARTESIAN_POINT('Ctrl Pts',(60.4557372976045,-46.5502338387422,2.91345977170927));
#2489=CARTESIAN_POINT('Ctrl Pts',(61.009511139532,-47.2208288650859,3.57224645182839));
#2490=CARTESIAN_POINT('Ctrl Pts',(61.4197581950415,-47.8058699002238,4.42977410191046));
#2491=CARTESIAN_POINT('Ctrl Pts',(61.6535977300099,-48.1772390532098,5.18918387923006));
#2492=CARTESIAN_POINT('Ctrl Pts',(61.8014921753535,-48.4353950567981,6.05181392709935));
#2493=CARTESIAN_POINT('Ctrl Pts',(61.8367575316977,-48.5002244666363,6.6865475306768));
#2494=CARTESIAN_POINT('Ctrl Pts',(61.8365992128857,-48.5,6.99999999999999));
#2495=CARTESIAN_POINT('Ctrl Pts',(58.0000000000011,-44.3062527150309,1.99999999999999));
#2496=CARTESIAN_POINT('Ctrl Pts',(58.0032528240999,-44.3090218546254,1.99999999999999));
#2497=CARTESIAN_POINT('Ctrl Pts',(58.0065025324669,-44.311791143109,2.00000476996806));
#2498=CARTESIAN_POINT('Ctrl Pts',(58.6309348474227,-44.8436042675553,2.00171980294388));
#2499=CARTESIAN_POINT('Ctrl Pts',(59.4095128799273,-45.5869109195173,2.22923932898518));
#2500=CARTESIAN_POINT('Ctrl Pts',(60.3406680974819,-46.6543115661262,2.96444122438107));
#2501=CARTESIAN_POINT('Ctrl Pts',(60.8357541924915,-47.32680648006,3.65475898065596));
#2502=CARTESIAN_POINT('Ctrl Pts',(61.1799492803387,-47.8840229652592,4.52869850083353));
#2503=CARTESIAN_POINT('Ctrl Pts',(61.3654505982996,-48.2223478216698,5.28208016002172));
#2504=CARTESIAN_POINT('Ctrl Pts',(61.4751969829862,-48.4460522023676,6.11135927261458));
#2505=CARTESIAN_POINT('Ctrl Pts',(61.5000000000011,-48.5,6.7062757953235));
#2506=CARTESIAN_POINT('Ctrl Pts',(61.5000000000011,-48.5,6.99999999999999));
#2507=CARTESIAN_POINT('',(61.5000000000011,-48.5,6.99999999999999));
#2508=CARTESIAN_POINT('',(63.0000000000011,-47.,6.99999999999999));
#2509=CARTESIAN_POINT('Origin',(61.5000000000011,-47.,6.99999999999999));
#2510=CARTESIAN_POINT('',(58.0000000000011,-44.3062527150309,1.99999999999999));
#2511=CARTESIAN_POINT('Ctrl Pts',(63.0000000000011,-47.,6.99999999999999));
#2512=CARTESIAN_POINT('Ctrl Pts',(63.0000000000011,-47.,6.70627579532347));
#2513=CARTESIAN_POINT('Ctrl Pts',(62.9461695738222,-46.9621128217155,6.11135927261458));
#2514=CARTESIAN_POINT('Ctrl Pts',(62.720502100235,-46.8070609935671,5.28208016002169));
#2515=CARTESIAN_POINT('Ctrl Pts',(62.3713529390519,-46.5774840420762,4.52869850083354));
#2516=CARTESIAN_POINT('Ctrl Pts',(61.7789877189191,-46.207542810185,3.65475898065596));
#2517=CARTESIAN_POINT('Ctrl Pts',(61.0239675327839,-45.7740828292639,2.96444122438107));
#2518=CARTESIAN_POINT('Ctrl Pts',(59.7388689597699,-45.1000527896419,2.22923932898517));
#2519=CARTESIAN_POINT('Ctrl Pts',(58.7591419129923,-44.6387690514346,2.00171980294384));
#2520=CARTESIAN_POINT('Ctrl Pts',(58.0078241133033,-44.3096798372784,2.00000476996806));
#2521=CARTESIAN_POINT('Ctrl Pts',(58.0039131718493,-44.3079662157745,1.99999999999999));
#2522=CARTESIAN_POINT('Ctrl Pts',(58.0000000000011,-44.3062527150309,1.99999999999999));
#2523=CARTESIAN_POINT('Ctrl Pts',(58.0000000000011,-44.3062527150309,1.99999999999999));
#2524=CARTESIAN_POINT('Ctrl Pts',(58.0032528240999,-44.3090218546254,1.99999999999999));
#2525=CARTESIAN_POINT('Ctrl Pts',(58.0065025324669,-44.311791143109,2.00000476996806));
#2526=CARTESIAN_POINT('Ctrl Pts',(58.6309348474227,-44.8436042675553,2.00171980294388));
#2527=CARTESIAN_POINT('Ctrl Pts',(59.4095128799273,-45.5869109195173,2.22923932898518));
#2528=CARTESIAN_POINT('Ctrl Pts',(60.3406680974819,-46.6543115661262,2.96444122438107));
#2529=CARTESIAN_POINT('Ctrl Pts',(60.8357541924915,-47.32680648006,3.65475898065596));
#2530=CARTESIAN_POINT('Ctrl Pts',(61.1799492803387,-47.8840229652592,4.52869850083353));
#2531=CARTESIAN_POINT('Ctrl Pts',(61.3654505982996,-48.2223478216698,5.28208016002172));
#2532=CARTESIAN_POINT('Ctrl Pts',(61.4751969829862,-48.4460522023676,6.11135927261458));
#2533=CARTESIAN_POINT('Ctrl Pts',(61.5000000000011,-48.5,6.7062757953235));
#2534=CARTESIAN_POINT('Ctrl Pts',(61.5000000000011,-48.5,6.99999999999999));
#2535=CARTESIAN_POINT('Ctrl Pts',(58.0000000000011,44.3062527150309,1.99999999999999));
#2536=CARTESIAN_POINT('Ctrl Pts',(58.0032528241001,44.3090218546253,1.99999999999999));
#2537=CARTESIAN_POINT('Ctrl Pts',(58.0065039997888,44.3117912122033,2.00000448989932));
#2538=CARTESIAN_POINT('Ctrl Pts',(58.4236068455405,44.6672427199844,2.00120299821684));
#2539=CARTESIAN_POINT('Ctrl Pts',(59.2211820345081,45.3971914026948,2.15438817680975));
#2540=CARTESIAN_POINT('Ctrl Pts',(60.2178389603226,46.486546756167,2.79381378382241));
#2541=CARTESIAN_POINT('Ctrl Pts',(60.9591493330655,47.4922446049961,3.82714060247908));
#2542=CARTESIAN_POINT('Ctrl Pts',(61.4023316898551,48.2781907602026,5.23664951335593));
#2543=CARTESIAN_POINT('Ctrl Pts',(61.5000000000011,48.5,6.41255159064696));
#2544=CARTESIAN_POINT('Ctrl Pts',(61.5000000000011,48.5,6.99999999999999));
#2545=CARTESIAN_POINT('Ctrl Pts',(58.0000000000011,44.3062527150309,1.99999999999999));
#2546=CARTESIAN_POINT('Ctrl Pts',(58.0033804259309,44.3088238899532,1.99999975193864));
#2547=CARTESIAN_POINT('Ctrl Pts',(58.0067537205528,44.3113857305769,2.00000429464471));
#2548=CARTESIAN_POINT('Ctrl Pts',(58.4401406575869,44.6412184078227,2.001180428582));
#2549=CARTESIAN_POINT('Ctrl Pts',(59.2735790232932,45.3175892073873,2.14410757187267));
#2550=CARTESIAN_POINT('Ctrl Pts',(60.3520845325313,46.3493180798066,2.73633170340243));
#2551=CARTESIAN_POINT('Ctrl Pts',(61.2097147974766,47.3489147011071,3.70675507402581));
#2552=CARTESIAN_POINT('Ctrl Pts',(61.7923838440224,48.2152366804345,5.09312551696683));
#2553=CARTESIAN_POINT('Ctrl Pts',(61.9499858351587,48.5019594604745,6.3564263070666));
#2554=CARTESIAN_POINT('Ctrl Pts',(61.9487989505139,48.5,6.99999999999999));
#2555=CARTESIAN_POINT('Ctrl Pts',(58.0000000000011,44.3062527150309,1.99999999999999));
#2556=CARTESIAN_POINT('Ctrl Pts',(58.0036027825137,44.3084743800073,1.9999990535334));
#2557=CARTESIAN_POINT('Ctrl Pts',(58.0071917951006,44.3106793799859,2.00000471409927));
#2558=CARTESIAN_POINT('Ctrl Pts',(58.4689891698119,44.5955330904665,2.00111440629354));
#2559=CARTESIAN_POINT('Ctrl Pts',(59.3646837634681,45.1787425532221,2.13670300456796));
#2560=CARTESIAN_POINT('Ctrl Pts',(60.5774135201043,46.0810216610787,2.69240959233614));
#2561=CARTESIAN_POINT('Ctrl Pts',(61.623727203791,46.9800640208306,3.61073157933833));
#2562=CARTESIAN_POINT('Ctrl Pts',(62.4551803321666,47.8169121862516,4.96806113596702));
#2563=CARTESIAN_POINT('Ctrl Pts',(62.7277337875835,48.1258961503106,6.30672213134692));
#2564=CARTESIAN_POINT('Ctrl Pts',(62.7255419738186,48.1230912709515,6.99999999999999));
#2565=CARTESIAN_POINT('Ctrl Pts',(58.0000000000011,44.3062527150309,1.99999999999999));
#2566=CARTESIAN_POINT('Ctrl Pts',(58.0038207316782,44.3081190588243,1.99999981395398));
#2567=CARTESIAN_POINT('Ctrl Pts',(58.0076345056979,44.3099792963833,2.00000434345837));
#2568=CARTESIAN_POINT('Ctrl Pts',(58.4975920522548,44.5494429269907,2.0011860709907));
#2569=CARTESIAN_POINT('Ctrl Pts',(59.4567271149382,45.0410906315562,2.14667772310696));
#2570=CARTESIAN_POINT('Ctrl Pts',(60.7652259569306,45.7905985267469,2.75070222350747));
#2571=CARTESIAN_POINT('Ctrl Pts',(61.8893640691728,46.513619716234,3.73685145613918));
#2572=CARTESIAN_POINT('Ctrl Pts',(62.7463758157991,47.1350553134519,5.12900651606417));
#2573=CARTESIAN_POINT('Ctrl Pts',(63.0010595182829,47.3376095494409,6.37045762796177));
#2574=CARTESIAN_POINT('Ctrl Pts',(63.0000000000011,47.3365992128846,6.99999999999999));
#2575=CARTESIAN_POINT('Ctrl Pts',(58.0000000000011,44.3062527150309,1.99999999999999));
#2576=CARTESIAN_POINT('Ctrl Pts',(58.0039131718494,44.3079662157742,1.99999999999999));
#2577=CARTESIAN_POINT('Ctrl Pts',(58.0078252644135,44.3096799059953,2.00000448989932));
#2578=CARTESIAN_POINT('Ctrl Pts',(58.5097957252177,44.5296303932721,2.00120299821683));
#2579=CARTESIAN_POINT('Ctrl Pts',(59.4963358801306,44.9820604836972,2.15438817680977));
#2580=CARTESIAN_POINT('Ctrl Pts',(60.8362442715944,45.6660614567687,2.79381378382246));
#2581=CARTESIAN_POINT('Ctrl Pts',(61.9651509613433,46.3135938277611,3.82714060247913));
#2582=CARTESIAN_POINT('Ctrl Pts',(62.7804173651609,46.8431691857759,5.236649513356));
#2583=CARTESIAN_POINT('Ctrl Pts',(63.0000000000011,47.,6.41255159064704));
#2584=CARTESIAN_POINT('Ctrl Pts',(63.0000000000011,47.,6.99999999999999));
#2585=CARTESIAN_POINT('',(63.0000000000011,47.,6.99999999999999));
#2586=CARTESIAN_POINT('',(61.5000000000011,48.5,6.99999999999999));
#2587=CARTESIAN_POINT('Origin',(61.5000000000011,47.,6.99999999999999));
#2588=CARTESIAN_POINT('',(58.0000000000011,44.3062527150309,1.99999999999999));
#2589=CARTESIAN_POINT('Ctrl Pts',(61.5000000000011,48.5,6.99999999999999));
#2590=CARTESIAN_POINT('Ctrl Pts',(61.5000000000011,48.5,6.41255159064696));
#2591=CARTESIAN_POINT('Ctrl Pts',(61.4023316898551,48.2781907602026,5.23664951335593));
#2592=CARTESIAN_POINT('Ctrl Pts',(60.9591493330655,47.4922446049961,3.82714060247908));
#2593=CARTESIAN_POINT('Ctrl Pts',(60.2178389603226,46.486546756167,2.79381378382241));
#2594=CARTESIAN_POINT('Ctrl Pts',(59.2211820345081,45.3971914026948,2.15438817680975));
#2595=CARTESIAN_POINT('Ctrl Pts',(58.4236068455405,44.6672427199844,2.00120299821684));
#2596=CARTESIAN_POINT('Ctrl Pts',(58.0065039997888,44.3117912122033,2.00000448989932));
#2597=CARTESIAN_POINT('Ctrl Pts',(58.0032528241001,44.3090218546253,1.99999999999999));
#2598=CARTESIAN_POINT('Ctrl Pts',(58.0000000000011,44.3062527150309,1.99999999999999));
#2599=CARTESIAN_POINT('Ctrl Pts',(58.0000000000011,44.3062527150309,1.99999999999999));
#2600=CARTESIAN_POINT('Ctrl Pts',(58.0039131718494,44.3079662157742,1.99999999999999));
#2601=CARTESIAN_POINT('Ctrl Pts',(58.0078252644135,44.3096799059953,2.00000448989932));
#2602=CARTESIAN_POINT('Ctrl Pts',(58.5097957252177,44.5296303932721,2.00120299821683));
#2603=CARTESIAN_POINT('Ctrl Pts',(59.4963358801306,44.9820604836972,2.15438817680977));
#2604=CARTESIAN_POINT('Ctrl Pts',(60.8362442715944,45.6660614567687,2.79381378382246));
#2605=CARTESIAN_POINT('Ctrl Pts',(61.9651509613433,46.3135938277611,3.82714060247913));
#2606=CARTESIAN_POINT('Ctrl Pts',(62.7804173651609,46.8431691857759,5.236649513356));
#2607=CARTESIAN_POINT('Ctrl Pts',(63.0000000000011,47.,6.41255159064704));
#2608=CARTESIAN_POINT('Ctrl Pts',(63.0000000000011,47.,6.99999999999999));
#2609=CARTESIAN_POINT('Ctrl Pts',(54.306252715032,48.,1.99999999999999));
#2610=CARTESIAN_POINT('Ctrl Pts',(54.3079662157756,48.0039131718481,1.99999999999999));
#2611=CARTESIAN_POINT('Ctrl Pts',(54.3096799059965,48.0078252644121,2.00000448989932));
#2612=CARTESIAN_POINT('Ctrl Pts',(54.5296303932751,48.5097957252302,2.00120299821681));
#2613=CARTESIAN_POINT('Ctrl Pts',(54.9820604836985,49.4963358801309,2.15438817680973));
#2614=CARTESIAN_POINT('Ctrl Pts',(55.6660614567705,50.8362442715982,2.79381378382237));
#2615=CARTESIAN_POINT('Ctrl Pts',(56.3135938277624,51.9651509613435,3.82714060247906));
#2616=CARTESIAN_POINT('Ctrl Pts',(56.8431691857773,52.7804173651612,5.23664951335592));
#2617=CARTESIAN_POINT('Ctrl Pts',(57.0000000000011,53.,6.41255159064696));
#2618=CARTESIAN_POINT('Ctrl Pts',(57.0000000000011,53.,6.99999999999999));
#2619=CARTESIAN_POINT('Ctrl Pts',(54.306252715032,48.,1.99999999999999));
#2620=CARTESIAN_POINT('Ctrl Pts',(54.308170006509,48.0037899182865,1.99999975193864));
#2621=CARTESIAN_POINT('Ctrl Pts',(54.3100790931805,48.007570919458,2.00000429464471));
#2622=CARTESIAN_POINT('Ctrl Pts',(54.5560471049,48.4935241612796,2.00118042858197));
#2623=CARTESIAN_POINT('Ctrl Pts',(55.0607673475105,49.4435241932078,2.14410757187265));
#2624=CARTESIAN_POINT('Ctrl Pts',(55.8321108834081,50.7415531853799,2.73633170340239));
#2625=CARTESIAN_POINT('Ctrl Pts',(56.580295012393,51.8641017717829,3.70675507402579));
#2626=CARTESIAN_POINT('Ctrl Pts',(57.2323506893452,52.7350286326788,5.09312551696681));
#2627=CARTESIAN_POINT('Ctrl Pts',(57.4501460659223,53.0014126910424,6.3564263070666));
#2628=CARTESIAN_POINT('Ctrl Pts',(57.4487989505139,53.,6.99999999999999));
#2629=CARTESIAN_POINT('Ctrl Pts',(54.306252715032,48.,1.99999999999999));
#2630=CARTESIAN_POINT('Ctrl Pts',(54.3085245484875,48.0035714333287,1.9999990535334));
#2631=CARTESIAN_POINT('Ctrl Pts',(54.3107800726329,48.0071287445706,2.00000471409927));
#2632=CARTESIAN_POINT('Ctrl Pts',(54.602049368983,48.4649061572073,2.00111440629354));
#2633=CARTESIAN_POINT('Ctrl Pts',(55.1984722223348,49.3517246940286,2.13670300456794));
#2634=CARTESIAN_POINT('Ctrl Pts',(56.1223915626326,50.5463628950976,2.6924095923361));
#2635=CARTESIAN_POINT('Ctrl Pts',(57.0459202088771,51.5680876509705,3.61073157933833));
#2636=CARTESIAN_POINT('Ctrl Pts',(57.9090943460021,52.3669322423987,4.96806113596698));
#2637=CARTESIAN_POINT('Ctrl Pts',(58.2284424151103,52.6255050058315,6.30672213134696));
#2638=CARTESIAN_POINT('Ctrl Pts',(58.2255419738186,52.6230912709514,6.99999999999999));
#2639=CARTESIAN_POINT('Ctrl Pts',(54.306252715032,48.,1.99999999999999));
#2640=CARTESIAN_POINT('Ctrl Pts',(54.3088733811225,48.0033485254719,1.99999981395398));
#2641=CARTESIAN_POINT('Ctrl Pts',(54.3114871009847,48.0066912903605,2.00000434345836));
#2642=CARTESIAN_POINT('Ctrl Pts',(54.647724485866,48.4360072045878,2.00118607099071));
#2643=CARTESIAN_POINT('Ctrl Pts',(55.3374897562155,49.2604797760973,2.14667772310695));
#2644=CARTESIAN_POINT('Ctrl Pts',(56.3836252488984,50.3185231394829,2.75070222350742));
#2645=CARTESIAN_POINT('Ctrl Pts',(57.3847471770806,51.1470734313741,3.73685145613919));
#2646=CARTESIAN_POINT('Ctrl Pts',(58.2309752003778,51.6948708054809,5.12900651606412));
#2647=CARTESIAN_POINT('Ctrl Pts',(58.501469595357,51.8374893763682,6.37045762796183));
#2648=CARTESIAN_POINT('Ctrl Pts',(58.5000000000011,51.8365992128846,6.99999999999999));
#2649=CARTESIAN_POINT('Ctrl Pts',(54.306252715032,48.,1.99999999999999));
#2650=CARTESIAN_POINT('Ctrl Pts',(54.3090218546265,48.0032528240988,1.99999999999999));
#2651=CARTESIAN_POINT('Ctrl Pts',(54.3117912122045,48.0065039997875,2.00000448989932));
#2652=CARTESIAN_POINT('Ctrl Pts',(54.6672427199872,48.423606845553,2.00120299821685));
#2653=CARTESIAN_POINT('Ctrl Pts',(55.3971914026962,49.2211820345084,2.15438817680975));
#2654=CARTESIAN_POINT('Ctrl Pts',(56.4865467561688,50.2178389603264,2.79381378382241));
#2655=CARTESIAN_POINT('Ctrl Pts',(57.4922446049974,50.9591493330657,3.82714060247914));
#2656=CARTESIAN_POINT('Ctrl Pts',(58.2781907602039,51.4023316898554,5.23664951335594));
#2657=CARTESIAN_POINT('Ctrl Pts',(58.5000000000011,51.5,6.4125515906471));
#2658=CARTESIAN_POINT('Ctrl Pts',(58.5000000000011,51.5,6.99999999999999));
#2659=CARTESIAN_POINT('',(58.5000000000011,51.5,6.99999999999999));
#2660=CARTESIAN_POINT('',(57.0000000000011,53.,6.99999999999999));
#2661=CARTESIAN_POINT('Origin',(57.0000000000011,51.5,6.99999999999999));
#2662=CARTESIAN_POINT('',(54.306252715032,48.,1.99999999999999));
#2663=CARTESIAN_POINT('Ctrl Pts',(57.0000000000011,53.,6.99999999999999));
#2664=CARTESIAN_POINT('Ctrl Pts',(57.0000000000011,53.,6.41255159064696));
#2665=CARTESIAN_POINT('Ctrl Pts',(56.8431691857773,52.7804173651612,5.23664951335592));
#2666=CARTESIAN_POINT('Ctrl Pts',(56.3135938277624,51.9651509613435,3.82714060247906));
#2667=CARTESIAN_POINT('Ctrl Pts',(55.6660614567705,50.8362442715982,2.79381378382237));
#2668=CARTESIAN_POINT('Ctrl Pts',(54.9820604836985,49.4963358801309,2.15438817680973));
#2669=CARTESIAN_POINT('Ctrl Pts',(54.5296303932751,48.5097957252302,2.00120299821681));
#2670=CARTESIAN_POINT('Ctrl Pts',(54.3096799059965,48.0078252644121,2.00000448989932));
#2671=CARTESIAN_POINT('Ctrl Pts',(54.3079662157756,48.0039131718481,1.99999999999999));
#2672=CARTESIAN_POINT('Ctrl Pts',(54.306252715032,48.,1.99999999999999));
#2673=CARTESIAN_POINT('Ctrl Pts',(54.306252715032,48.,1.99999999999999));
#2674=CARTESIAN_POINT('Ctrl Pts',(54.3090218546265,48.0032528240988,1.99999999999999));
#2675=CARTESIAN_POINT('Ctrl Pts',(54.3117912122045,48.0065039997875,2.00000448989932));
#2676=CARTESIAN_POINT('Ctrl Pts',(54.6672427199872,48.423606845553,2.00120299821685));
#2677=CARTESIAN_POINT('Ctrl Pts',(55.3971914026962,49.2211820345084,2.15438817680975));
#2678=CARTESIAN_POINT('Ctrl Pts',(56.4865467561688,50.2178389603264,2.79381378382241));
#2679=CARTESIAN_POINT('Ctrl Pts',(57.4922446049974,50.9591493330657,3.82714060247914));
#2680=CARTESIAN_POINT('Ctrl Pts',(58.2781907602039,51.4023316898554,5.23664951335594));
#2681=CARTESIAN_POINT('Ctrl Pts',(58.5000000000011,51.5,6.4125515906471));
#2682=CARTESIAN_POINT('Ctrl Pts',(58.5000000000011,51.5,6.99999999999999));
#2683=CARTESIAN_POINT('Ctrl Pts',(-54.306252715032,48.,1.99999999999999));
#2684=CARTESIAN_POINT('Ctrl Pts',(-54.3090218546265,48.0032528240988,1.99999999999999));
#2685=CARTESIAN_POINT('Ctrl Pts',(-54.3117912122046,48.0065039997875,2.00000448989932));
#2686=CARTESIAN_POINT('Ctrl Pts',(-54.6672427199799,48.4236068455415,2.00120299821686));
#2687=CARTESIAN_POINT('Ctrl Pts',(-55.3971914026954,49.2211820345072,2.15438817680974));
#2688=CARTESIAN_POINT('Ctrl Pts',(-56.4865467561661,50.2178389603222,2.7938137838224));
#2689=CARTESIAN_POINT('Ctrl Pts',(-57.4922446049967,50.9591493330645,3.82714060247906));
#2690=CARTESIAN_POINT('Ctrl Pts',(-58.2781907602031,51.4023316898542,5.2366495133559));
#2691=CARTESIAN_POINT('Ctrl Pts',(-58.5000000000011,51.5,6.41255159064696));
#2692=CARTESIAN_POINT('Ctrl Pts',(-58.5000000000011,51.5,6.99999999999999));
#2693=CARTESIAN_POINT('Ctrl Pts',(-54.306252715032,48.,1.99999999999999));
#2694=CARTESIAN_POINT('Ctrl Pts',(-54.3088238899545,48.0033804259296,1.99999975193864));
#2695=CARTESIAN_POINT('Ctrl Pts',(-54.3113857305782,48.0067537205515,2.00000429464471));
#2696=CARTESIAN_POINT('Ctrl Pts',(-54.6412184078183,48.4401406575879,2.00118042858201));
#2697=CARTESIAN_POINT('Ctrl Pts',(-55.3175892073879,49.2735790232923,2.14410757187266));
#2698=CARTESIAN_POINT('Ctrl Pts',(-56.3493180798056,50.3520845325309,2.73633170340242));
#2699=CARTESIAN_POINT('Ctrl Pts',(-57.3489147011076,51.2097147974757,3.70675507402578));
#2700=CARTESIAN_POINT('Ctrl Pts',(-58.215236680435,51.7923838440215,5.0931255169668));
#2701=CARTESIAN_POINT('Ctrl Pts',(-58.5019594604756,51.9499858351576,6.35642630706659));
#2702=CARTESIAN_POINT('Ctrl Pts',(-58.5000000000011,51.9487989505128,6.99999999999999));
#2703=CARTESIAN_POINT('Ctrl Pts',(-54.306252715032,48.,1.99999999999999));
#2704=CARTESIAN_POINT('Ctrl Pts',(-54.3084743800086,48.0036027825124,1.9999990535334));
#2705=CARTESIAN_POINT('Ctrl Pts',(-54.3106793799871,48.0071917950993,2.00000471409927));
#2706=CARTESIAN_POINT('Ctrl Pts',(-54.5955330904628,48.4689891698126,2.00111440629356));
#2707=CARTESIAN_POINT('Ctrl Pts',(-55.1787425532227,49.3646837634671,2.13670300456793));
#2708=CARTESIAN_POINT('Ctrl Pts',(-56.081021661078,50.5774135201038,2.6924095923361));
#2709=CARTESIAN_POINT('Ctrl Pts',(-56.9800640208312,51.62372720379,3.61073157933824));
#2710=CARTESIAN_POINT('Ctrl Pts',(-57.8169121862521,52.4551803321656,4.96806113596698));
#2711=CARTESIAN_POINT('Ctrl Pts',(-58.1258961503118,52.7277337875824,6.3067221313469));
#2712=CARTESIAN_POINT('Ctrl Pts',(-58.1230912709526,52.7255419738174,6.99999999999999));
#2713=CARTESIAN_POINT('Ctrl Pts',(-54.306252715032,48.,1.99999999999999));
#2714=CARTESIAN_POINT('Ctrl Pts',(-54.3081190588257,48.0038207316769,1.99999981395398));
#2715=CARTESIAN_POINT('Ctrl Pts',(-54.3099792963845,48.0076345056966,2.00000434345836));
#2716=CARTESIAN_POINT('Ctrl Pts',(-54.5494429269874,48.4975920522553,2.00118607099073));
#2717=CARTESIAN_POINT('Ctrl Pts',(-55.0410906315568,49.4567271149372,2.14667772310693));
#2718=CARTESIAN_POINT('Ctrl Pts',(-55.7905985267463,50.7652259569301,2.75070222350742));
#2719=CARTESIAN_POINT('Ctrl Pts',(-56.5136197162347,51.8893640691717,3.73685145613906));
#2720=CARTESIAN_POINT('Ctrl Pts',(-57.1350553134526,52.7463758157981,5.12900651606412));
#2721=CARTESIAN_POINT('Ctrl Pts',(-57.337609549442,53.0010595182818,6.37045762796176));
#2722=CARTESIAN_POINT('Ctrl Pts',(-57.3365992128857,53.,6.99999999999999));
#2723=CARTESIAN_POINT('Ctrl Pts',(-54.306252715032,48.,1.99999999999999));
#2724=CARTESIAN_POINT('Ctrl Pts',(-54.3079662157756,48.0039131718481,1.99999999999999));
#2725=CARTESIAN_POINT('Ctrl Pts',(-54.3096799059965,48.0078252644122,2.00000448989932));
#2726=CARTESIAN_POINT('Ctrl Pts',(-54.5296303932688,48.5097957252182,2.00120299821686));
#2727=CARTESIAN_POINT('Ctrl Pts',(-54.9820604836978,49.4963358801296,2.15438817680974));
#2728=CARTESIAN_POINT('Ctrl Pts',(-55.6660614567681,50.8362442715938,2.7938137838224));
#2729=CARTESIAN_POINT('Ctrl Pts',(-56.3135938277617,51.9651509613423,3.82714060247902));
#2730=CARTESIAN_POINT('Ctrl Pts',(-56.8431691857766,52.7804173651599,5.23664951335595));
#2731=CARTESIAN_POINT('Ctrl Pts',(-57.0000000000011,53.,6.41255159064703));
#2732=CARTESIAN_POINT('Ctrl Pts',(-57.0000000000011,53.,6.99999999999999));
#2733=CARTESIAN_POINT('',(-57.0000000000011,53.,6.99999999999999));
#2734=CARTESIAN_POINT('',(-58.5000000000011,51.5,6.99999999999999));
#2735=CARTESIAN_POINT('Origin',(-57.0000000000011,51.5,6.99999999999999));
#2736=CARTESIAN_POINT('',(-54.306252715032,48.,1.99999999999999));
#2737=CARTESIAN_POINT('Ctrl Pts',(-58.5000000000011,51.5,6.99999999999999));
#2738=CARTESIAN_POINT('Ctrl Pts',(-58.5000000000011,51.5,6.41255159064696));
#2739=CARTESIAN_POINT('Ctrl Pts',(-58.2781907602031,51.4023316898542,5.2366495133559));
#2740=CARTESIAN_POINT('Ctrl Pts',(-57.4922446049967,50.9591493330645,3.82714060247906));
#2741=CARTESIAN_POINT('Ctrl Pts',(-56.4865467561661,50.2178389603222,2.7938137838224));
#2742=CARTESIAN_POINT('Ctrl Pts',(-55.3971914026954,49.2211820345072,2.15438817680974));
#2743=CARTESIAN_POINT('Ctrl Pts',(-54.6672427199799,48.4236068455415,2.00120299821686));
#2744=CARTESIAN_POINT('Ctrl Pts',(-54.3117912122046,48.0065039997875,2.00000448989932));
#2745=CARTESIAN_POINT('Ctrl Pts',(-54.3090218546265,48.0032528240988,1.99999999999999));
#2746=CARTESIAN_POINT('Ctrl Pts',(-54.306252715032,48.,1.99999999999999));
#2747=CARTESIAN_POINT('Ctrl Pts',(-54.306252715032,48.,1.99999999999999));
#2748=CARTESIAN_POINT('Ctrl Pts',(-54.3079662157756,48.0039131718481,1.99999999999999));
#2749=CARTESIAN_POINT('Ctrl Pts',(-54.3096799059965,48.0078252644122,2.00000448989932));
#2750=CARTESIAN_POINT('Ctrl Pts',(-54.5296303932688,48.5097957252182,2.00120299821686));
#2751=CARTESIAN_POINT('Ctrl Pts',(-54.9820604836978,49.4963358801296,2.15438817680974));
#2752=CARTESIAN_POINT('Ctrl Pts',(-55.6660614567681,50.8362442715938,2.7938137838224));
#2753=CARTESIAN_POINT('Ctrl Pts',(-56.3135938277617,51.9651509613423,3.82714060247902));
#2754=CARTESIAN_POINT('Ctrl Pts',(-56.8431691857766,52.7804173651599,5.23664951335595));
#2755=CARTESIAN_POINT('Ctrl Pts',(-57.0000000000011,53.,6.41255159064703));
#2756=CARTESIAN_POINT('Ctrl Pts',(-57.0000000000011,53.,6.99999999999999));
#2757=CARTESIAN_POINT('Origin',(-61.5000000000011,51.5,6.99999999999999));
#2758=CARTESIAN_POINT('Origin',(-61.5000000000011,51.5,1.99999999999999));
#2759=CARTESIAN_POINT('Origin',(-61.5000000000011,51.5,6.99999999999999));
#2760=CARTESIAN_POINT('Origin',(-28.5000000000006,48.,6.99999999999999));
#2761=CARTESIAN_POINT('',(-28.5000000000006,53.,6.99999999999999));
#2762=CARTESIAN_POINT('',(-28.5000000000006,48.,1.99999999999999));
#2763=CARTESIAN_POINT('Origin',(61.5000000000011,51.5,6.99999999999999));
#2764=CARTESIAN_POINT('Origin',(61.5000000000011,51.5,6.99999999999999));
#2765=CARTESIAN_POINT('Origin',(61.5000000000011,51.5,1.99999999999999));
#2766=CARTESIAN_POINT('Origin',(58.0000000000011,23.5,6.99999999999999));
#2767=CARTESIAN_POINT('',(63.0000000000011,23.5,6.99999999999999));
#2768=CARTESIAN_POINT('',(58.0000000000011,23.5,1.99999999999999));
#2769=CARTESIAN_POINT('Origin',(61.5000000000011,-51.5,6.99999999999999));
#2770=CARTESIAN_POINT('Origin',(61.5000000000011,-51.5,6.99999999999999));
#2771=CARTESIAN_POINT('Origin',(61.5000000000011,-51.5,1.99999999999999));
#2772=CARTESIAN_POINT('Origin',(28.4999999017407,-48.,6.99999999999999));
#2773=CARTESIAN_POINT('',(28.4999999017407,-53.,6.99999999999999));
#2774=CARTESIAN_POINT('',(28.4999999017407,-48.,1.99999999999999));
#2775=CARTESIAN_POINT('Origin',(-61.5000000000011,-51.5,6.99999999999999));
#2776=CARTESIAN_POINT('Origin',(-61.5000000000011,-51.5,6.99999999999999));
#2777=CARTESIAN_POINT('Origin',(-61.5000000000011,-51.5,1.99999999999999));
#2778=CARTESIAN_POINT('Origin',(-58.0000000000011,-23.4999999487956,6.99999999999999));
#2779=CARTESIAN_POINT('',(-63.0000000000011,-23.4999999487956,6.99999999999999));
#2780=CARTESIAN_POINT('',(-58.0000000000011,-23.4999999487956,1.99999999999999));
#2781=CARTESIAN_POINT('Origin',(56.9999998034815,-53.,75.));
#2782=CARTESIAN_POINT('',(-57.0000000000011,-53.,75.));
#2783=CARTESIAN_POINT('',(-57.0000000000011,-53.,75.));
#2784=CARTESIAN_POINT('',(56.9999998034815,-53.,75.));
#2785=CARTESIAN_POINT('',(28.4999999017402,-53.,75.));
#2786=CARTESIAN_POINT('',(56.9999998034815,-53.,75.));
#2787=CARTESIAN_POINT('',(31.2000000000003,-53.,57.7500000000003));
#2788=CARTESIAN_POINT('',(-31.1999999999997,-53.,57.7500000000003));
#2789=CARTESIAN_POINT('',(12.8999999017409,-53.,57.7500000000003));
#2790=CARTESIAN_POINT('',(-31.1999999999997,-53.,17.2500000000002));
#2791=CARTESIAN_POINT('',(-31.1999999999997,-53.,46.1250000000001));
#2792=CARTESIAN_POINT('',(31.2000000000003,-53.,17.2500000000002));
#2793=CARTESIAN_POINT('',(44.0999999017409,-53.,17.2500000000002));
#2794=CARTESIAN_POINT('',(31.2000000000003,-53.,66.3750000000001));
#2795=CARTESIAN_POINT('',(-51.6,-53.,37.5));
#2796=CARTESIAN_POINT('Origin',(-48.,-53.,37.5));
#2797=CARTESIAN_POINT('',(-34.5,-53.,59.5));
#2798=CARTESIAN_POINT('Origin',(-33.,-53.,59.5));
#2799=CARTESIAN_POINT('',(31.5,-53.,15.5));
#2800=CARTESIAN_POINT('Origin',(33.,-53.,15.5));
#2801=CARTESIAN_POINT('',(44.4,-53.,37.5));
#2802=CARTESIAN_POINT('Origin',(48.,-53.,37.5));
#2803=CARTESIAN_POINT('',(-34.5,-53.,15.5));
#2804=CARTESIAN_POINT('Origin',(-33.,-53.,15.5));
#2805=CARTESIAN_POINT('',(31.5,-53.,59.5));
#2806=CARTESIAN_POINT('Origin',(33.,-53.,59.5));
#2807=CARTESIAN_POINT('Origin',(-57.0000000000011,-51.5,75.));
#2808=CARTESIAN_POINT('',(-58.5000000000011,-51.5,75.));
#2809=CARTESIAN_POINT('',(-58.5000000000011,-51.5,75.));
#2810=CARTESIAN_POINT('Origin',(-57.0000000000011,-51.5,75.));
#2811=CARTESIAN_POINT('Origin',(-61.5000000000011,-51.5,75.));
#2812=CARTESIAN_POINT('',(-61.5000000000011,-48.5,75.));
#2813=CARTESIAN_POINT('',(-61.5000000000011,-48.5,75.));
#2814=CARTESIAN_POINT('Origin',(-61.5000000000011,-51.5,75.));
#2815=CARTESIAN_POINT('Origin',(-61.5000000000011,-47.,75.));
#2816=CARTESIAN_POINT('',(-63.0000000000011,-46.9999998975912,75.));
#2817=CARTESIAN_POINT('',(-63.0000000000011,-46.9999998975912,75.));
#2818=CARTESIAN_POINT('Origin',(-61.5000000000011,-47.,75.));
#2819=CARTESIAN_POINT('Origin',(-63.0000000000011,-46.9999998975912,75.));
#2820=CARTESIAN_POINT('',(-63.0000000000011,47.,75.));
#2821=CARTESIAN_POINT('',(-63.0000000000011,47.,75.));
#2822=CARTESIAN_POINT('',(-63.0000000000011,-23.499999948795,75.));
#2823=CARTESIAN_POINT('Origin',(-61.5000000000011,47.,75.));
#2824=CARTESIAN_POINT('',(-61.5000000000011,48.5,75.));
#2825=CARTESIAN_POINT('',(-61.5000000000011,48.5,75.));
#2826=CARTESIAN_POINT('Origin',(-61.5000000000011,47.,75.));
#2827=CARTESIAN_POINT('Origin',(-61.5000000000011,51.5,75.));
#2828=CARTESIAN_POINT('',(-58.5000000000011,51.5,75.));
#2829=CARTESIAN_POINT('',(-58.5000000000011,51.5,75.));
#2830=CARTESIAN_POINT('Origin',(-61.5000000000011,51.5,75.));
#2831=CARTESIAN_POINT('Origin',(-57.0000000000011,51.5,75.));
#2832=CARTESIAN_POINT('',(-57.0000000000011,53.,75.));
#2833=CARTESIAN_POINT('',(-57.0000000000011,53.,75.));
#2834=CARTESIAN_POINT('Origin',(-57.0000000000011,51.5,75.));
#2835=CARTESIAN_POINT('Origin',(0.,-8.88178419700125E-15,1.99999999999999));
#2836=CARTESIAN_POINT('Origin',(-31.1999999999997,-55.,57.7500000000003));
#2837=CARTESIAN_POINT('',(-31.1999999999997,-55.,57.7500000000003));
#2838=CARTESIAN_POINT('',(31.2000000000003,-55.,57.7500000000003));
#2839=CARTESIAN_POINT('',(-46.3499999999991,-55.,57.7500000000003));
#2840=CARTESIAN_POINT('',(-31.1999999999997,-55.,57.7500000000003));
#2841=CARTESIAN_POINT('',(31.2000000000003,-55.,57.7500000000003));
#2842=CARTESIAN_POINT('Origin',(-31.1999999999997,-55.,17.2500000000002));
#2843=CARTESIAN_POINT('',(-31.1999999999997,-55.,17.2500000000002));
#2844=CARTESIAN_POINT('',(-31.1999999999997,-55.,8.62500000000012));
#2845=CARTESIAN_POINT('',(-31.1999999999997,-55.,17.2500000000002));
#2846=CARTESIAN_POINT('Origin',(31.2000000000003,-55.,17.2500000000002));
#2847=CARTESIAN_POINT('',(31.2000000000003,-55.,17.2500000000002));
#2848=CARTESIAN_POINT('',(-15.1499999999991,-55.,17.2500000000002));
#2849=CARTESIAN_POINT('',(31.2000000000003,-55.,17.2500000000002));
#2850=CARTESIAN_POINT('Origin',(31.2000000000003,-55.,57.7500000000003));
#2851=CARTESIAN_POINT('',(31.2000000000003,-55.,28.8750000000001));
#2852=CARTESIAN_POINT('Origin',(-48.,-55.,37.5));
#2853=CARTESIAN_POINT('',(-51.6,-55.,37.5));
#2854=CARTESIAN_POINT('Origin',(-48.,-55.,37.5));
#2855=CARTESIAN_POINT('',(-51.6,-55.,37.5));
#2856=CARTESIAN_POINT('Origin',(-33.,-55.,59.5));
#2857=CARTESIAN_POINT('',(-34.5,-55.,59.5));
#2858=CARTESIAN_POINT('Origin',(-33.,-55.,59.5));
#2859=CARTESIAN_POINT('',(-34.5,-55.,59.5));
#2860=CARTESIAN_POINT('Origin',(33.,-55.,15.5));
#2861=CARTESIAN_POINT('',(31.5,-55.,15.5));
#2862=CARTESIAN_POINT('Origin',(33.,-55.,15.5));
#2863=CARTESIAN_POINT('',(31.5,-55.,15.5));
#2864=CARTESIAN_POINT('Origin',(48.,-55.,37.5));
#2865=CARTESIAN_POINT('',(44.4,-55.,37.5));
#2866=CARTESIAN_POINT('Origin',(48.,-55.,37.5));
#2867=CARTESIAN_POINT('',(44.4,-55.,37.5));
#2868=CARTESIAN_POINT('Origin',(-33.,-55.,15.5));
#2869=CARTESIAN_POINT('',(-34.5,-55.,15.5));
#2870=CARTESIAN_POINT('Origin',(-33.,-55.,15.5));
#2871=CARTESIAN_POINT('',(-34.5,-55.,15.5));
#2872=CARTESIAN_POINT('Origin',(33.,-55.,59.5));
#2873=CARTESIAN_POINT('',(31.5,-55.,59.5));
#2874=CARTESIAN_POINT('Origin',(33.,-55.,59.5));
#2875=CARTESIAN_POINT('',(31.5,-55.,59.5));
#2876=CARTESIAN_POINT('Origin',(61.5000000000011,-51.5,75.));
#2877=CARTESIAN_POINT('',(63.5500000000011,-51.5,75.));
#2878=CARTESIAN_POINT('Origin',(61.5000000000011,-51.5,75.));
#2879=CARTESIAN_POINT('',(63.5500000000011,-51.5,1.99999999999999));
#2880=CARTESIAN_POINT('',(63.5500000000011,-51.5,75.));
#2881=CARTESIAN_POINT('Origin',(61.5000000000011,-51.5,1.99999999999999));
#2882=CARTESIAN_POINT('Origin',(61.5000000000011,-51.5,1.99999999999999));
#2883=CARTESIAN_POINT('Origin',(-61.5000000000011,-51.5,75.));
#2884=CARTESIAN_POINT('',(-59.4500000000011,-51.5,75.));
#2885=CARTESIAN_POINT('Origin',(-61.5000000000011,-51.5,75.));
#2886=CARTESIAN_POINT('',(-59.4500000000011,-51.5,1.99999999999999));
#2887=CARTESIAN_POINT('',(-59.4500000000011,-51.5,75.));
#2888=CARTESIAN_POINT('Origin',(-61.5000000000011,-51.5,1.99999999999999));
#2889=CARTESIAN_POINT('Origin',(-61.5000000000011,-51.5,1.99999999999999));
#2890=CARTESIAN_POINT('Origin',(61.5000000000011,51.5,75.));
#2891=CARTESIAN_POINT('',(63.5500000000011,51.5,75.));
#2892=CARTESIAN_POINT('Origin',(61.5000000000011,51.5,75.));
#2893=CARTESIAN_POINT('',(63.5500000000011,51.5,1.99999999999999));
#2894=CARTESIAN_POINT('',(63.5500000000011,51.5,75.));
#2895=CARTESIAN_POINT('Origin',(61.5000000000011,51.5,1.99999999999999));
#2896=CARTESIAN_POINT('Origin',(61.5000000000011,51.5,1.99999999999999));
#2897=CARTESIAN_POINT('Origin',(-61.5000000000011,51.5,75.));
#2898=CARTESIAN_POINT('',(-59.4500000000011,51.5,75.));
#2899=CARTESIAN_POINT('Origin',(-61.5000000000011,51.5,75.));
#2900=CARTESIAN_POINT('',(-59.4500000000011,51.5,1.99999999999999));
#2901=CARTESIAN_POINT('',(-59.4500000000011,51.5,75.));
#2902=CARTESIAN_POINT('Origin',(-61.5000000000011,51.5,1.99999999999999));
#2903=CARTESIAN_POINT('Origin',(-61.5000000000011,51.5,1.99999999999999));
#2904=CARTESIAN_POINT('Origin',(-57.0000000000011,53.,75.));
#2905=CARTESIAN_POINT('',(57.0000000000011,53.,75.));
#2906=CARTESIAN_POINT('',(57.0000000000011,53.,75.));
#2907=CARTESIAN_POINT('',(-28.5000000000011,53.,75.));
#2908=CARTESIAN_POINT('Origin',(57.0000000000011,-51.5,75.));
#2909=CARTESIAN_POINT('',(58.5000000000011,-51.5,75.));
#2910=CARTESIAN_POINT('Origin',(57.0000000000011,-51.5,75.));
#2911=CARTESIAN_POINT('',(58.5000000000011,-51.5,75.));
#2912=CARTESIAN_POINT('Origin',(61.5000000000011,-51.5,75.));
#2913=CARTESIAN_POINT('',(61.5000000000011,-48.5,75.));
#2914=CARTESIAN_POINT('Origin',(61.5000000000011,-51.5,75.));
#2915=CARTESIAN_POINT('',(61.5000000000011,-48.5,75.));
#2916=CARTESIAN_POINT('Origin',(61.5000000000011,-47.,75.));
#2917=CARTESIAN_POINT('',(63.0000000000011,-47.,75.));
#2918=CARTESIAN_POINT('Origin',(61.5000000000011,-47.,75.));
#2919=CARTESIAN_POINT('',(63.0000000000011,-47.,75.));
#2920=CARTESIAN_POINT('Origin',(63.0000000000011,47.,75.));
#2921=CARTESIAN_POINT('',(63.0000000000011,47.,75.));
#2922=CARTESIAN_POINT('',(63.0000000000011,23.5000000000006,75.));
#2923=CARTESIAN_POINT('',(63.0000000000011,47.,75.));
#2924=CARTESIAN_POINT('Origin',(61.5000000000011,47.,75.));
#2925=CARTESIAN_POINT('',(61.5000000000011,48.5,75.));
#2926=CARTESIAN_POINT('Origin',(61.5000000000011,47.,75.));
#2927=CARTESIAN_POINT('',(61.5000000000011,48.5,75.));
#2928=CARTESIAN_POINT('Origin',(61.5000000000011,51.5,75.));
#2929=CARTESIAN_POINT('',(58.5000000000011,51.5,75.));
#2930=CARTESIAN_POINT('Origin',(61.5000000000011,51.5,75.));
#2931=CARTESIAN_POINT('',(58.5000000000011,51.5,75.));
#2932=CARTESIAN_POINT('Origin',(57.0000000000011,51.5,75.));
#2933=CARTESIAN_POINT('Origin',(57.0000000000011,51.5,75.));
#2934=CARTESIAN_POINT('Origin',(61.4999999999989,51.5,0.));
#2935=CARTESIAN_POINT('',(64.9999999999989,51.4999998356914,0.));
#2936=CARTESIAN_POINT('',(61.4999999999989,55.,0.));
#2937=CARTESIAN_POINT('Origin',(61.4999999999989,51.5,0.));
#2938=CARTESIAN_POINT('',(61.4999999999989,55.,75.));
#2939=CARTESIAN_POINT('',(61.4999999999989,55.,0.));
#2940=CARTESIAN_POINT('',(64.9999999999989,51.4999998356914,75.));
#2941=CARTESIAN_POINT('Origin',(61.4999999999989,51.5,75.));
#2942=CARTESIAN_POINT('',(64.9999999999989,51.4999998356914,0.));
#2943=CARTESIAN_POINT('Origin',(64.9999999999989,-51.4999999999996,0.));
#2944=CARTESIAN_POINT('',(64.9999999999989,-51.4999999999996,0.));
#2945=CARTESIAN_POINT('',(64.9999999999989,-55.,0.));
#2946=CARTESIAN_POINT('',(64.9999999999989,-51.4999999999996,75.));
#2947=CARTESIAN_POINT('',(64.9999999999989,-55.,75.));
#2948=CARTESIAN_POINT('',(64.9999999999989,-51.4999999999996,0.));
#2949=CARTESIAN_POINT('Origin',(61.4999999999989,-51.4999999999996,0.));
#2950=CARTESIAN_POINT('',(61.4999999999989,-54.9999999999996,0.));
#2951=CARTESIAN_POINT('Origin',(61.4999999999989,-51.4999999999996,0.));
#2952=CARTESIAN_POINT('',(61.4999999999989,-54.9999999999996,75.));
#2953=CARTESIAN_POINT('Origin',(61.4999999999989,-51.4999999999996,75.));
#2954=CARTESIAN_POINT('',(61.4999999999989,-54.9999999999996,0.));
#2955=CARTESIAN_POINT('Origin',(-61.4999999999985,-55.,0.));
#2956=CARTESIAN_POINT('',(-61.4999999999985,-55.,0.));
#2957=CARTESIAN_POINT('',(-65.0000000000011,-55.,0.));
#2958=CARTESIAN_POINT('',(-61.4999999999985,-55.,75.));
#2959=CARTESIAN_POINT('',(-65.0000000000011,-55.,75.));
#2960=CARTESIAN_POINT('',(-61.4999999999985,-55.,0.));
#2961=CARTESIAN_POINT('Origin',(-61.4999999999985,-51.4999999999996,0.));
#2962=CARTESIAN_POINT('',(-64.9999999999988,-51.4999999999996,0.));
#2963=CARTESIAN_POINT('Origin',(-61.4999999999985,-51.4999999999996,0.));
#2964=CARTESIAN_POINT('',(-64.9999999999988,-51.4999999999996,75.));
#2965=CARTESIAN_POINT('Origin',(-61.4999999999985,-51.4999999999996,75.));
#2966=CARTESIAN_POINT('',(-64.9999999999988,-51.4999999999996,0.));
#2967=CARTESIAN_POINT('Origin',(-65.0000000000011,51.5,0.));
#2968=CARTESIAN_POINT('',(-65.0000000000011,51.5,0.));
#2969=CARTESIAN_POINT('',(-65.0000000000011,55.,0.));
#2970=CARTESIAN_POINT('',(-65.0000000000011,51.5,75.));
#2971=CARTESIAN_POINT('',(-65.0000000000011,55.,75.));
#2972=CARTESIAN_POINT('',(-65.0000000000011,51.5,0.));
#2973=CARTESIAN_POINT('Origin',(-61.4999999999985,51.5,0.));
#2974=CARTESIAN_POINT('',(-61.4999975394637,55.0000000000017,0.));
#2975=CARTESIAN_POINT('Origin',(-61.4999999999985,51.5,0.));
#2976=CARTESIAN_POINT('',(-61.4999975394637,55.0000000000017,75.));
#2977=CARTESIAN_POINT('Origin',(-61.4999999999985,51.5,75.));
#2978=CARTESIAN_POINT('',(-61.4999975394637,55.0000000000017,0.));
#2979=CARTESIAN_POINT('Origin',(61.4999999999989,55.,0.));
#2980=CARTESIAN_POINT('',(64.9999999999989,55.,0.));
#2981=CARTESIAN_POINT('',(64.9999999999989,55.,75.));
#2982=CARTESIAN_POINT('Origin',(-1.10134124042816E-12,1.28785870856518E-12,
75.));
#2983=CARTESIAN_POINT('Origin',(-1.10134124042816E-12,1.28785870856518E-12,
0.));
#2984=CARTESIAN_POINT('Origin',(54.,44.8000000000002,1.99999999999999));
#2985=CARTESIAN_POINT('',(56.05,44.8000000000002,8.99999999999999));
#2986=CARTESIAN_POINT('Origin',(54.,44.8000000000002,8.99999999999999));
#2987=CARTESIAN_POINT('',(56.05,44.8000000000002,1.99999999999999));
#2988=CARTESIAN_POINT('',(56.05,44.8000000000002,1.99999999999999));
#2989=CARTESIAN_POINT('Origin',(54.,44.8000000000002,1.99999999999999));
#2990=CARTESIAN_POINT('Origin',(54.,44.8000000000002,1.99999999999999));
#2991=CARTESIAN_POINT('',(57.5,44.8000000000002,8.99999999999999));
#2992=CARTESIAN_POINT('Origin',(54.,44.8000000000002,8.99999999999999));
#2993=CARTESIAN_POINT('',(57.5,44.8000000000002,1.99999999999999));
#2994=CARTESIAN_POINT('',(57.5,44.8000000000002,1.99999999999999));
#2995=CARTESIAN_POINT('Origin',(54.,44.8000000000002,1.99999999999999));
#2996=CARTESIAN_POINT('Origin',(54.,44.8000000000002,8.99999999999999));
#2997=CARTESIAN_POINT('Origin',(54.,44.8000000000002,1.99999999999999));
#2998=CARTESIAN_POINT('Origin',(54.,-34.9999999999998,1.99999999999999));
#2999=CARTESIAN_POINT('',(56.05,-34.9999999999998,8.99999999999999));
#3000=CARTESIAN_POINT('Origin',(54.,-34.9999999999998,8.99999999999999));
#3001=CARTESIAN_POINT('',(56.05,-34.9999999999998,1.99999999999999));
#3002=CARTESIAN_POINT('',(56.05,-34.9999999999998,1.99999999999999));
#3003=CARTESIAN_POINT('Origin',(54.,-34.9999999999998,1.99999999999999));
#3004=CARTESIAN_POINT('Origin',(54.,-34.9999999999998,1.99999999999999));
#3005=CARTESIAN_POINT('',(57.5,-34.9999999999998,8.99999999999999));
#3006=CARTESIAN_POINT('Origin',(54.,-34.9999999999998,8.99999999999999));
#3007=CARTESIAN_POINT('',(57.5,-34.9999999999998,1.99999999999999));
#3008=CARTESIAN_POINT('',(57.5,-34.9999999999998,1.99999999999999));
#3009=CARTESIAN_POINT('Origin',(54.,-34.9999999999998,1.99999999999999));
#3010=CARTESIAN_POINT('Origin',(54.,-34.9999999999998,8.99999999999999));
#3011=CARTESIAN_POINT('Origin',(54.,-34.9999999999998,1.99999999999999));
#3012=CARTESIAN_POINT('Origin',(-31.8,44.8000000000002,1.99999999999999));
#3013=CARTESIAN_POINT('',(-29.75,44.8000000000002,8.99999999999999));
#3014=CARTESIAN_POINT('Origin',(-31.8,44.8000000000002,8.99999999999999));
#3015=CARTESIAN_POINT('',(-29.75,44.8000000000002,1.99999999999999));
#3016=CARTESIAN_POINT('',(-29.75,44.8000000000002,1.99999999999999));
#3017=CARTESIAN_POINT('Origin',(-31.8,44.8000000000002,1.99999999999999));
#3018=CARTESIAN_POINT('Origin',(-31.8,44.8000000000002,1.99999999999999));
#3019=CARTESIAN_POINT('',(-28.3,44.8000000000002,8.99999999999999));
#3020=CARTESIAN_POINT('Origin',(-31.8,44.8000000000002,8.99999999999999));
#3021=CARTESIAN_POINT('',(-28.3,44.8000000000002,1.99999999999999));
#3022=CARTESIAN_POINT('',(-28.3,44.8000000000002,1.99999999999999));
#3023=CARTESIAN_POINT('Origin',(-31.8,44.8000000000002,1.99999999999999));
#3024=CARTESIAN_POINT('Origin',(-31.8,44.8000000000002,8.99999999999999));
#3025=CARTESIAN_POINT('Origin',(-31.8,44.8000000000002,1.99999999999999));
#3026=CARTESIAN_POINT('Origin',(-31.8,-34.9999999999998,1.99999999999999));
#3027=CARTESIAN_POINT('',(-29.75,-34.9999999999998,8.99999999999999));
#3028=CARTESIAN_POINT('Origin',(-31.8,-34.9999999999998,8.99999999999999));
#3029=CARTESIAN_POINT('',(-29.75,-34.9999999999998,1.99999999999999));
#3030=CARTESIAN_POINT('',(-29.75,-34.9999999999998,1.99999999999999));
#3031=CARTESIAN_POINT('Origin',(-31.8,-34.9999999999998,1.99999999999999));
#3032=CARTESIAN_POINT('Origin',(-31.8,-34.9999999999998,1.99999999999999));
#3033=CARTESIAN_POINT('',(-28.3,-34.9999999999998,8.99999999999999));
#3034=CARTESIAN_POINT('Origin',(-31.8,-34.9999999999998,8.99999999999999));
#3035=CARTESIAN_POINT('',(-28.3,-34.9999999999998,1.99999999999999));
#3036=CARTESIAN_POINT('',(-28.3,-34.9999999999998,1.99999999999999));
#3037=CARTESIAN_POINT('Origin',(-31.8,-34.9999999999998,1.99999999999999));
#3038=CARTESIAN_POINT('Origin',(-31.8,-34.9999999999998,8.99999999999999));
#3039=CARTESIAN_POINT('Origin',(-31.8,-34.9999999999998,1.99999999999999));
#3040=UNCERTAINTY_MEASURE_WITH_UNIT(LENGTH_MEASURE(0.01),#3044,
'DISTANCE_ACCURACY_VALUE',
'Maximum model space distance between geometric entities at asserted c
onnectivities');
#3041=UNCERTAINTY_MEASURE_WITH_UNIT(LENGTH_MEASURE(0.01),#3044,
'DISTANCE_ACCURACY_VALUE',
'Maximum model space distance between geometric entities at asserted c
onnectivities');
#3042=(
GEOMETRIC_REPRESENTATION_CONTEXT(3)
GLOBAL_UNCERTAINTY_ASSIGNED_CONTEXT((#3040))
GLOBAL_UNIT_ASSIGNED_CONTEXT((#3044,#3046,#3047))
REPRESENTATION_CONTEXT('','3D')
);
#3043=(
GEOMETRIC_REPRESENTATION_CONTEXT(3)
GLOBAL_UNCERTAINTY_ASSIGNED_CONTEXT((#3041))
GLOBAL_UNIT_ASSIGNED_CONTEXT((#3044,#3046,#3047))
REPRESENTATION_CONTEXT('','3D')
);
#3044=(
LENGTH_UNIT()
NAMED_UNIT(*)
SI_UNIT(.MILLI.,.METRE.)
);
#3045=(
LENGTH_UNIT()
NAMED_UNIT(*)
SI_UNIT($,.METRE.)
);
#3046=(
NAMED_UNIT(*)
PLANE_ANGLE_UNIT()
SI_UNIT($,.RADIAN.)
);
#3047=(
NAMED_UNIT(*)
SI_UNIT($,.STERADIAN.)
SOLID_ANGLE_UNIT()
);
#3048=SHAPE_DEFINITION_REPRESENTATION(#3049,#3050);
#3049=PRODUCT_DEFINITION_SHAPE('',$,#3052);
#3050=SHAPE_REPRESENTATION('',(#1476),#3042);
#3051=PRODUCT_DEFINITION_CONTEXT('part definition',#3056,'design');
#3052=PRODUCT_DEFINITION('2026-07-24-09-24-47-673','Metronome',#3053,#3051);
#3053=PRODUCT_DEFINITION_FORMATION('',$,#3058);
#3054=PRODUCT_RELATED_PRODUCT_CATEGORY('Metronome','Metronome',(#3058));
#3055=APPLICATION_PROTOCOL_DEFINITION('international standard',
'automotive_design',2009,#3056);
#3056=APPLICATION_CONTEXT(
'Core Data for Automotive Mechanical Design Process');
#3057=PRODUCT_CONTEXT('part definition',#3056,'mechanical');
#3058=PRODUCT('2026-07-24-09-24-47-673','Metronome',$,(#3057));
#3059=PRESENTATION_STYLE_ASSIGNMENT((#3060));
#3060=SURFACE_STYLE_USAGE(.BOTH.,#3061);
#3061=SURFACE_SIDE_STYLE('',(#3062));
#3062=SURFACE_STYLE_FILL_AREA(#3063);
#3063=FILL_AREA_STYLE('Steel - Satin',(#3064));
#3064=FILL_AREA_STYLE_COLOUR('Steel - Satin',#3065);
#3065=COLOUR_RGB('Steel - Satin',0.627450980392157,0.627450980392157,0.627450980392157);
ENDSEC;
END-ISO-10303-21;
